id,slug,name,symbol,cmc_rank,type,platform_name,token_address,total_supply,circulating_supply,max_supply,price,market_cap,volume_24h,volume_change_24h,percent_change_1h,percent_change_24h,percent_change_7d,tags,whitepaper_url,date_added,last_updated
1,bitcoin,Bitcoin,BTC,1,coin,,,19922743,19922743,21000000,117817.32232321307,2347244233593.537,59822353181.84891,15.267,0.12062045,1.98830006,3.18276968,mineable;pow;sha-256;store-of-value;state-channel;coinbase-ventures-portfolio;three-arrows-capital-portfolio;polychain-capital-portfolio;binance-labs-portfolio;blockchain-capital-portfolio;boostvc-portfolio;cms-holdings-portfolio;dcg-portfolio;dragonfly-capital-portfolio;electric-capital-portfolio;fabric-ventures-portfolio;framework-ventures-portfolio;galaxy-digital-portfolio;huobi-capital-portfolio;alameda-research-portfolio;a16z-portfolio;1confirmation-portfolio;winklevoss-capital-portfolio;usv-portfolio;placeholder-ventures-portfolio;pantera-capital-portfolio;multicoin-capital-portfolio;paradigm-portfolio;bitcoin-ecosystem;layer-1;ftx-bankruptcy-estate;2017-2018-alt-season;us-strategic-crypto-reserve;binance-ecosystem;binance-listing,https://bitcoin.org/bitcoin.pdf,2010-07-13T00:00:00.000Z,2025-09-18T18:33:00.000Z
1027,ethereum,Ethereum,ETH,2,coin,,,120704240.31020737,120704240.31020737,,4611.967791288576,556684068582.6326,43913323731.13385,21.3972,0.11594582,2.88019643,4.48093314,pos;smart-contracts;ethereum-ecosystem;coinbase-ventures-portfolio;three-arrows-capital-portfolio;polychain-capital-portfolio;binance-labs-portfolio;blockchain-capital-portfolio;boostvc-portfolio;cms-holdings-portfolio;dcg-portfolio;dragonfly-capital-portfolio;electric-capital-portfolio;fabric-ventures-portfolio;framework-ventures-portfolio;hashkey-capital-portfolio;kenetic-capital-portfolio;huobi-capital-portfolio;alameda-research-portfolio;a16z-portfolio;1confirmation-portfolio;winklevoss-capital-portfolio;usv-portfolio;placeholder-ventures-portfolio;pantera-capital-portfolio;multicoin-capital-portfolio;paradigm-portfolio;layer-1;ftx-bankruptcy-estate;sora-ecosystem;rsk-rbtc-ecosystem;world-liberty-financial-portfolio;us-strategic-crypto-reserve;binance-ecosystem;binance-listing;sophon-ecosystem,https://ethereum.org/en/whitepaper/,2015-08-07T00:00:00.000Z,2025-09-18T18:32:00.000Z
52,xrp,XRP,XRP,3,coin,,,99985800180,59777241479,100000000000,3.1174422144847687,186352096052.08453,7451336905.432563,51.4429,0.18223618,2.69429893,3.58348959,medium-of-exchange;enterprise-solutions;xrp-ecosystem;arrington-xrp-capital-portfolio;galaxy-digital-portfolio;a16z-portfolio;pantera-capital-portfolio;ftx-bankruptcy-estate;2017-2018-alt-season;klaytn-ecosystem;made-in-america;us-strategic-crypto-reserve;binance-ecosystem;binance-listing,https://ripple.com/files/ripple_consensus_whitepaper.pdf,2013-08-04T00:00:00.000Z,2025-09-18T18:33:00.000Z
825,tether,Tether USDt,USDT,4,token,Ethereum,0xdac17f958d2ee523a2206206994597c13d831ec7,175071778009.35733,171121826173.73566,,1.0003675456869037,171184721262.8809,168369290008.33987,30.6314,-0.00166616,0.00890497,0.02406382,stablecoin;asset-backed-stablecoin;usd-stablecoin;fiat-stablecoin;tron20-ecosystem;rsk-rbtc-ecosystem;venom-ecosystem;world-liberty-financial-portfolio;binance-ecosystem;binance-listing;peaq-ecosystem;apertum-ecosystem;etherlink-ecosystem;duckchain-ecosystem;onus-ecosystem;sophon-ecosystem;zedxion-smart-chain-ecosystem;xlayer-ecosystem,https://tether.to/wp-content/uploads/2016/06/TetherWhitePaper.pdf,2015-02-25T00:00:00.000Z,2025-09-18T18:32:00.000Z
1839,bnb,BNB,BNB,5,coin,,,139186751.31,139186751.31,,989.7183918623621,137755687675.0797,4417810375.744136,45.4831,-0.21857308,3.39811549,10.36232955,marketplace;centralized-exchange;payments;smart-contracts;alameda-research-portfolio;multicoin-capital-portfolio;bnb-chain-ecosystem;layer-1;alleged-sec-securities;celsius-bankruptcy-estate;binance-ecosystem;binance-listing,,2017-07-25T00:00:00.000Z,2025-09-18T18:33:00.000Z
5426,solana,Solana,SOL,6,coin,,,610035697.8475598,543123469.053248,,250.6992570786126,136160650193.60812,11414561268.126625,44.5982,-0.37689114,5.88258962,10.69785421,pos;platform;solana-ecosystem;cms-holdings-portfolio;kenetic-capital-portfolio;alameda-research-portfolio;multicoin-capital-portfolio;okx-ventures-portfolio;layer-1;ftx-bankruptcy-estate;alleged-sec-securities;cmc-crypto-awards-2024;made-in-america;us-strategic-crypto-reserve;binance-ecosystem;binance-listing,https://solana.com/solana-whitepaper.pdf,2020-04-10T00:00:00.000Z,2025-09-18T18:32:00.000Z
3408,usd-coin,USDC,USDC,7,token,Ethereum,0xa0b86991c6218b36c1d19d4a2e9eb0ce3606eb48,74116799588.1214,74116799588.1214,,0.9997452684623482,74097919701.7965,33320782367.80618,74.5216,0.00110748,0.00753453,0.00167955,medium-of-exchange;stablecoin;asset-backed-stablecoin;coinbase-ventures-portfolio;usd-stablecoin;xdc-ecosystem;fiat-stablecoin;tron20-ecosystem;venom-ecosystem;made-in-america;world-liberty-financial-portfolio;sonic-ecosystem;binance-ecosystem;binance-listing;hyperevm-ecosystem;etherlink-ecosystem;unichain-ecosystem;vector-smart-chain-ecosystem;sophon-ecosystem;xlayer-ecosystem,https://f.hubspotusercontent30.net/hubfs/9304636/PDF/centre-whitepaper.pdf,2018-10-08T00:00:00.000Z,2025-09-18T18:32:00.000Z
74,dogecoin,Dogecoin,DOGE,8,coin,,,150995286383.70523,150995286383.70523,,0.2844488324912621,42950432923.528725,5625532043.961991,54.3288,0.06234801,6.66873253,13.4838813,mineable;pow;scrypt;medium-of-exchange;memes;payments;doggone-doggerel;osmosis-ecosystem;ftx-bankruptcy-estate;animal-memes;made-in-america;binance-ecosystem;binance-listing,https://github.com/dogecoin/dogecoin/blob/master/README.md,2013-12-15T00:00:00.000Z,2025-09-18T18:32:00.000Z
2010,cardano,Cardano,ADA,9,coin,,,44994781453.61397,35791993628.26157,45000000000,0.9333239979846298,33405526588.96949,2288066448.563519,64.0424,0.54569813,6.55476708,6.04378815,dpos;pos;platform;research;smart-contracts;staking;cardano-ecosystem;cardano;layer-1;alleged-sec-securities;2017-2018-alt-season;made-in-america;us-strategic-crypto-reserve;binance-ecosystem;binance-listing,https://developers.cardano.org/,2017-10-01T00:00:00.000Z,2025-09-18T18:33:00.000Z
1958,tron,TRON,TRX,10,coin,,,94663372415.0484,94663372049.82501,,0.3514782222337334,33272113718.72298,1086036418.1746266,35.3058,0.29824051,3.28192931,1.79373173,media;payments;tron-ecosystem;layer-1;dwf-labs-portfolio;alleged-sec-securities;2017-2018-alt-season;tron20-ecosystem;world-liberty-financial-portfolio;binance-ecosystem;binance-listing,https://developers.tron.network/docs,2017-09-13T00:00:00.000Z,2025-09-18T18:33:00.000Z
32196,hyperliquid,Hyperliquid,HYPE,11,token,Hyperliquid,0x0d01dc56dcaaca66ad901c959b4011ec,999993930,333928180,1000000000,58.71537773894917,19606719226.37981,453463316.73390514,60.1985,0.99725418,5.71078643,6.77707499,decentralized-exchange-dex-token;defi;derivatives;layer-1;hyperliquid-ecosystem;binance-ecosystem;binance-listing,https://hyperliquid.gitbook.io/hyperliquid-docs,2024-07-15T10:14:50.000Z,2025-09-18T18:32:00.000Z
1975,chainlink,Chainlink,LINK,12,token,Ethereum,0x514910771af9ca656af840dff83e8264ecf986ca,1000000000,678099970.4527867,1000000000,24.538435443059335,16639512348.896149,1155348762.423427,29.2081,0.37501438,5.93895013,3.37934642,platform;defi;interoperability;oracles;smart-contracts;ethereum-ecosystem;polkadot;heco-ecosystem;avalanche-ecosystem;solana-ecosystem;framework-ventures-portfolio;polygon-ecosystem;fantom-ecosystem;cardano-ecosystem;terra-ecosystem;web3;near-protocol-ecosystem;arbitrum-ecosystem;defi-2;cross-chain;cardano;injective-ecosystem;bnb-chain-ecosystem;optimism-ecosystem;real-world-assets-protocols;gnosis-chain-ecosystem;sora-ecosystem;hoo-smart-chain-ecosystem;energi-ecosystem;x-layer-ecosystem;made-in-america;world-liberty-financial-portfolio;binance-ecosystem;binance-listing;wlfi-ecosystem,https://chain.link/whitepaper,2017-09-20T00:00:00.000Z,2025-09-18T18:33:00.000Z
5805,avalanche,Avalanche,AVAX,13,coin,,,457277985.48916084,422275285.48916084,715748719,34.50684599333152,14571388243.164572,2137467930.4694178,169.493,2.3011465,14.95159763,18.95063835,smart-contracts;three-arrows-capital-portfolio;polychain-capital-portfolio;avalanche-ecosystem;cms-holdings-portfolio;dragonfly-capital-portfolio;real-world-assets-protocols;layer-1;made-in-america;world-liberty-financial-portfolio;binance-ecosystem;binance-listing,https://www.avalabs.org/whitepapers,2020-07-13T00:00:00.000Z,2025-09-18T18:33:00.000Z
20947,sui,Sui,SUI,14,coin,,,10000000000,3568833706.3227763,10000000000,3.9604980973877084,14134359103.78448,2160624759.2282276,122.7059,0.27932839,9.69741602,9.91924902,binance-launchpool;coinbase-ventures-portfolio;binance-labs-portfolio;electric-capital-portfolio;a16z-portfolio;sui-ecosystem;layer-1;move-vm;cmc-crypto-yearbook-2024-2025;made-in-america;world-liberty-financial-portfolio;binance-ecosystem;binance-listing,https://docs.sui.io/,2022-07-12T08:03:11.000Z,2025-09-18T18:32:00.000Z
29470,ethena-usde,Ethena USDe,USDe,15,token,Ethereum,0x4c9edd5852cd905f086c759e8383e09bff1e68b3,13904462102.1853,13904462102.1853,,1.0012143524176622,13921347019.355383,282055514.18745244,49.5948,0.00565953,0.00406996,0.04436037,stablecoin;asset-backed-stablecoin;binance-labs-portfolio;dragonfly-capital-portfolio;usd-stablecoin;eigenlayer-ecosystem;binance-ecosystem;binance-listing;xlayer-ecosystem,https://ethena-labs.gitbook.io/ethena-labs/,2024-02-20T11:05:01.000Z,2025-09-18T18:33:00.000Z
512,stellar,Stellar,XLM,16,coin,,,50001786886.69552,31856626207.622547,50001806812,0.4037035545631933,12860633236.408203,347286464.2538151,47.8748,0.60504132,4.39188944,3.72695582,medium-of-exchange;enterprise-solutions;decentralized-exchange-dex-token;defi;smart-contracts;hashkey-capital-portfolio;real-world-assets-protocols;2017-2018-alt-season;made-in-america;binance-ecosystem;binance-listing,https://www.stellar.org/papers/stellar-consensus-protocol.pdf,2014-08-05T00:00:00.000Z,2025-09-18T18:33:00.000Z
1831,bitcoin-cash,Bitcoin Cash,BCH,17,coin,,,19927343.75,19927343.75,21000000,638.2333344245562,12718295047.78684,1452997199.3094935,147.9192,-0.13588981,7.06005443,8.18997178,mineable;pow;sha-256;marketplace;medium-of-exchange;store-of-value;enterprise-solutions;payments;layer-1;2017-2018-alt-season;made-in-america;binance-ecosystem;binance-listing,https://bch.info/bitcoin.pdf,2017-07-23T00:00:00.000Z,2025-09-18T18:32:00.000Z
4642,hedera,Hedera,HBAR,18,coin,,,50000000000,42392927395.29389,50000000000,0.24814005893912497,10519383502.470272,428380812.32431686,72.0931,0.22550978,4.60229637,5.54405033,dag;marketplace;enterprise-solutions;payments;dcg-portfolio;hedera-hashgraph-ecosystem;real-world-assets-protocols;layer-1;made-in-america;binance-ecosystem;binance-listing,https://www.hedera.com/papers,2019-09-17T00:00:00.000Z,2025-09-18T18:32:00.000Z
2,litecoin,Litecoin,LTC,19,coin,,,84000000,76312595.73347135,84000000,118.37545189369465,9033538005.130505,744841178.747541,31.1178,0.45169,3.40918918,3.15546364,mineable;pow;scrypt;medium-of-exchange;layer-1;2017-2018-alt-season;made-in-america;binance-ecosystem;binance-listing,,2013-04-28T00:00:00.000Z,2025-09-18T18:32:00.000Z
3957,unus-sed-leo,UNUS SED LEO,LEO,20,token,Ethereum,0x2af5d2ad76741191d15dfe7bf6ac92d4bd912ca3,985239504,922637766.9,,9.504849075156635,8769532725.424047,1251923.10756008,75.8767,-0.34780467,-0.23424175,-0.67526362,marketplace;centralized-exchange;discount-token;payments;ethereum-ecosystem;kenetic-capital-portfolio;alameda-research-portfolio,https://www.bitfinex.com/wp-2019-05.pdf,2019-05-21T00:00:00.000Z,2025-09-18T18:33:00.000Z
3635,cronos,Cronos,CRO,21,coin,,,98010714523.47156,34810713902.879906,100000000000,0.24336649096208432,8471761290.4289255,68982489.59186476,57.9606,0.15797784,4.70385448,-6.18196935,medium-of-exchange;centralized-exchange;mobile;payments;layer-1,https://whitepaper.cronos.org/,2018-12-14T00:00:00.000Z,2025-09-18T18:33:00.000Z
11419,toncoin,Toncoin,TON,22,coin,,,5140867665.364564,2544533363.5561633,,3.1710620206995204,8068873109.575754,178791558.3834397,5.298,0.12753501,2.87023349,-0.64642029,pos;layer-1;ftx-bankruptcy-estate;dwf-labs-portfolio;toncoin-ecosystem;cmc-crypto-yearbook-2024-2025;binance-ecosystem;binance-listing,https://ton.org/whitepaper.pdf,2021-08-26T13:40:22.000Z,2025-09-18T18:32:00.000Z
5994,shiba-inu,Shiba Inu,SHIB,23,token,Ethereum,0x95ad61b0a150d79219dcf64e1e6cc01f0b64c4ce,589500927804870.1,589245889378583.6,589552695333683,1.3564152959632984e-05,7992621374.366085,272856632.89199984,34.7981,0.08670808,4.11525447,4.16047586,memes;ethereum-ecosystem;doggone-doggerel;bnb-chain-ecosystem;base-ecosystem;animal-memes;binance-ecosystem;binance-listing,https://github.com/shytoshikusama/woofwoofpaper/raw/main/SHIBA_INU_WOOF_WOOF.pdf,2020-08-01T00:00:00.000Z,2025-09-18T18:33:00.000Z
6636,polkadot-new,Polkadot,DOT,24,coin,,,1618601343.023813,1618601343.023813,,4.586289041986469,7423373602.854696,488523073.5820462,83.7028,0.45612041,8.74415486,9.62748696,defi;ethereum-ecosystem;substrate;polkadot;polkadot-ecosystem;three-arrows-capital-portfolio;polychain-capital-portfolio;heco-ecosystem;arrington-xrp-capital-portfolio;blockchain-capital-portfolio;boostvc-portfolio;cms-holdings-portfolio;coinfund-portfolio;fabric-ventures-portfolio;fenbushi-capital-portfolio;hashkey-capital-portfolio;kenetic-capital-portfolio;1confirmation-portfolio;placeholder-ventures-portfolio;pantera-capital-portfolio;exnetwork-capital-portfolio;web3;arbitrum-ecosystem;spartan-group;optimism-ecosystem;osmosis-ecosystem;base-ecosystem;gnosis-chain-ecosystem;binance-ecosystem;binance-listing,https://polkadot.com/papers/Polkadot-whitepaper.pdf,2020-08-19T00:00:00.000Z,2025-09-18T18:33:00.000Z
7083,uniswap,Uniswap,UNI,25,token,Ethereum,0x1f9840a85d5af5bf1d1762f925bdaddc4201f984,1000000000,630330527.71,,9.626391370607536,6067808352.578038,354351018.2774211,51.5204,0.34064352,3.8200237,-1.69767375,decentralized-exchange-dex-token;defi;dao;ethereum-ecosystem;yield-farming;amm;coinbase-ventures-portfolio;three-arrows-capital-portfolio;governance;heco-ecosystem;avalanche-ecosystem;solana-ecosystem;blockchain-capital-portfolio;defiance-capital-portfolio;alameda-research-portfolio;a16z-portfolio;pantera-capital-portfolio;parafi-capital;paradigm-portfolio;polygon-ecosystem;terra-ecosystem;near-protocol-ecosystem;arbitrum-ecosystem;cmc-crypto-awards-2024;gnosis-chain-ecosystem;sora-ecosystem;hoo-smart-chain-ecosystem;made-in-america;binance-ecosystem;binance-listing,,2020-09-17T00:00:00.000Z,2025-09-18T18:32:00.000Z
27075,mantle,Mantle,MNT,26,token,Ethereum,0x3c3a81e81dc49a522a592e7622a7e711c06bf354,6219316794.89,3252944055.7368407,6219316795,1.842677400337303,5994126496.067844,550158151.4289185,9.7669,0.06309709,10.06066948,14.80767948,ethereum-ecosystem;layer-2;dwf-labs-portfolio,https://docs.mantle.xyz/network/for-developers/quick-access,2023-07-17T11:00:31.000Z,2025-09-18T18:33:00.000Z
328,monero,Monero,XMR,27,coin,,,18446744.07370955,18446744.07370955,,300.0531625425977,5535003897.930473,108661093.65848872,-13.3229,-0.02454416,2.0013777,11.0987659,mineable;pow;medium-of-exchange;privacy;ringct;boostvc-portfolio;electric-capital-portfolio;galaxy-digital-portfolio;layer-1;2017-2018-alt-season;binance-ecosystem;binance-listing,https://github.com/monero-project/research-lab/blob/master/whitepaper/whitepaper.pdf,2014-05-21T00:00:00.000Z,2025-09-18T18:33:00.000Z
33251,world-liberty-financial-wlfi,World Liberty Financial,WLFI,28,token,Ethereum,0xdA5e1988097297dCdc1f90D4dFE7909e847CBeF6,100000000000,24596962026,100000000000,0.22323775776755025,5490970650.57782,470665768.7874127,-0.5489,0.33382313,4.1989196,17.52491217,defi;ethereum-ecosystem;solana-ecosystem;bnb-chain-ecosystem;made-in-america;binance-ecosystem;binance-listing;wlfi-ecosystem,https://static.worldlibertyfinancial.com/docs/gold-paper.pdf,2024-10-01T02:34:47.000Z,2025-09-18T18:33:00.000Z
4943,multi-collateral-dai,Dai,DAI,29,token,Ethereum,0x6b175474e89094c44da98b954eedeac495271d0f,5365382702.664872,5365382702.664872,,0.9997218984224412,5363890581.271054,89469496.47481768,-71.4431,-0.0048098,-0.00380139,-0.00852427,defi;stablecoin;asset-backed-stablecoin;usd-stablecoin;binance-ecosystem;binance-listing;xlayer-ecosystem,,2019-11-22T00:00:00.000Z,2025-09-18T18:33:00.000Z
24478,pepe,Pepe,PEPE,30,token,Ethereum,0x6982508145454ce325ddbe47a25d4ec3d2311933,420689899653543.56,420689899653543.56,420690000000000,1.1575270200150511e-05,4869599258.963972,1004479899.0962268,24.3714,0.07760101,5.721574,10.30330604,memes;ethereum-ecosystem;binance-ecosystem;binance-listing,,2023-04-17T06:18:08.000Z,2025-09-18T18:33:00.000Z
30171,ethena,Ethena,ENA,31,token,Ethereum,0x57e114B691Db790C35207b2e685D4A43181e6061,15000000000,6889062500,15000000000,0.7027327216024473,4841169639.914359,580851283.3283688,20.4861,-0.47594615,-0.57255914,-8.109868,defi;ethereum-ecosystem;binance-labs-portfolio;okx-ventures-portfolio;cmc-crypto-yearbook-2024-2025;world-liberty-financial-portfolio;binance-ecosystem;binance-listing,https://ethena-labs.gitbook.io/ethena-labs/,2024-03-29T04:42:08.000Z,2025-09-18T18:32:00.000Z
7278,aave,Aave,AAVE,32,token,Ethereum,0x7Fc66500c84A76Ad7e9c93437bFc5Ac33E2DDaE9,16000000,15231913.16315624,,311.1983758071773,4740146636.810185,471502019.37429464,28.4674,-0.18526579,5.5411728,2.47112297,defi;dao;ethereum-ecosystem;yield-farming;three-arrows-capital-portfolio;governance;heco-ecosystem;avalanche-ecosystem;solana-ecosystem;lending-borowing;blockchain-capital-portfolio;defiance-capital-portfolio;framework-ventures-portfolio;alameda-research-portfolio;pantera-capital-portfolio;parafi-capital;polygon-ecosystem;fantom-ecosystem;near-protocol-ecosystem;arbitrum-ecosystem;optimism-ecosystem;standard-crypto-portfolio;gnosis-chain-ecosystem;sora-ecosystem;made-in-america;world-liberty-financial-portfolio;binance-ecosystem;binance-listing,https://github.com/aave/aave-protocol/blob/master/docs/Aave_Protocol_Whitepaper_v1_0.pdf,2020-10-02T00:00:00.000Z,2025-09-18T18:33:00.000Z
3897,okb,OKB,OKB,33,token,Ethereum,0x75231f58b43240c9718dd58b4967c5114342a86c,21000000,21000000,21000000,196.20934835467418,4120396315.448158,146194552.6059089,20.5219,0.06222868,1.84877923,1.12597979,marketplace;centralized-exchange;discount-token;ethereum-ecosystem;alameda-research-portfolio;x1-ecosystem;okexchain-ecosystem;x-layer-ecosystem;xlayer-ecosystem,,2019-04-30T00:00:00.000Z,2025-09-18T18:33:00.000Z
6535,near-protocol,NEAR Protocol,NEAR,34,coin,,,1271606614,1249836992,,3.137456719178999,3921309468.428869,388327010.74104637,110.1968,3.10288492,15.48394378,15.7891,platform;ai-big-data;staking;coinbase-ventures-portfolio;three-arrows-capital-portfolio;arrington-xrp-capital-portfolio;coinfund-portfolio;electric-capital-portfolio;fabric-ventures-portfolio;kenetic-capital-portfolio;near-protocol-ecosystem;cross-chain;circle-ventures-portfolio;layer-1;alleged-sec-securities;modular-blockchain;account-abstraction;data-availability;cmc-crypto-yearbook-2024-2025;made-in-america;binance-ecosystem;binance-listing,https://near.org/papers/the-official-near-white-paper,2020-08-11T00:00:00.000Z,2025-09-18T18:33:00.000Z
22974,bittensor,Bittensor,TAO,35,token,Bittensor,0,21000000,9902290.38336222,21000000,370.2597996488036,3666420053.4079704,220815499.68460017,93.0585,0.35439751,6.91030283,3.67781765,ai-big-data;distributed-computing;oracles;dao;polychain-capital-portfolio;dcg-portfolio;open-source;generative-ai;layer-1;depin;cmc-crypto-yearbook-2024-2025;binance-ecosystem;binance-listing;bittensor-ecosystem;robotics,https://drive.google.com/file/d/1VnsobL6lIAAqcA1_Tbm8AYIQscfJV4KU/view?usp=sharing,2023-03-06T05:20:00.000Z,2025-09-18T18:33:00.000Z
11092,bitget-token-new,Bitget Token,BGB,36,token,Ethereum,0x54D2252757e1672EEaD234D27B1270728fF90581,919992035.9787906,696254176.3085762,2000000000,5.173687122916643,3602201266.244615,368561622.07700944,51.5968,-0.08215753,4.05277887,5.79732933,centralized-exchange;ethereum-ecosystem,https://img.bitgetimg.com/multiLang/events/BGB-whitepaper-en-20241227.pdf,2021-07-29T00:00:00.000Z,2025-09-18T18:32:00.000Z
21159,ondo-finance,Ondo,ONDO,37,token,Ethereum,0xfaba6f8e4a5e8ab82f62fe7c39859fa577269be3,10000000000,3159107529,,1.0874544894420053,3435385665.04109,274421101.9227755,50.8269,0.47063011,6.66711786,5.39735989,ethereum-ecosystem;real-world-assets-protocols;cmc-crypto-yearbook-2024-2025;made-in-america;world-liberty-financial-portfolio;binance-ecosystem;binance-listing,https://docs.ondo.foundation/ondo-token,2024-01-18T12:06:25.000Z,2025-09-18T18:33:00.000Z
21794,aptos,Aptos,APT,38,coin,,,1175563210.947348,701405616.0489788,,4.734259200906733,3320635991.347533,402058364.9213297,50.7379,0.55138272,6.99423239,5.75316701,binance-labs-portfolio;circle-ventures-portfolio;layer-1;ftx-bankruptcy-estate;move-vm;made-in-america;binance-ecosystem;binance-listing,https://aptosfoundation.org/whitepaper,2022-10-19T01:50:25.000Z,2025-09-18T18:33:00.000Z
13502,worldcoin-org,Worldcoin,WLD,39,token,Ethereum,0x163f8c2467924be0ae7b5347228cabf260318753,10000000000,2048258860.185937,,1.5907794884505588,3258328181.8209095,588848029.0969025,52.3362,0.15653868,0.4731207,-2.41377694,defi;privacy;zero-knowledge-proofs;identity;ethereum-ecosystem;governance;blockchain-capital-portfolio;a16z-portfolio;token;optimism-ecosystem;world-chain-mainnet-ecosystem;made-in-america;binance-ecosystem;binance-listing,https://whitepaper.worldcoin.org/,2021-10-28T15:31:43.000Z,2025-09-18T18:32:00.000Z
1321,ethereum-classic,Ethereum Classic,ETC,40,coin,,,210700000,153569680.19098544,210700000,21.138668835027733,3246258612.65836,184886754.68861315,44.2836,0.16181515,3.81408443,-0.31464919,mineable;pow;ethash;platform;smart-contracts;dcg-portfolio;layer-1;2017-2018-alt-season;ethereum-classic-ecosystem;binance-ecosystem;binance-listing,https://ethereumclassic.org/knowledge/foundation,2016-07-24T00:00:00.000Z,2025-09-18T18:32:00.000Z
35626,story-protocol,Story,IP,41,coin,,,1013824833,312489414,,10.326351006791299,3226875374.870523,136571040.31693703,21.7209,-0.29447905,0.12960824,6.99548093,ai-big-data;smart-contracts;layer-1;made-in-america;binance-ecosystem;binance-listing,https://www.story.foundation/whitepaper.pdf,2025-02-06T07:02:40.000Z,2025-09-18T18:33:00.000Z
35697,pi,Pi,PI,42,token,,,100000000000,8141668143.585277,100000000000,0.3620415264790416,2947621962.789398,29346192.39623438,20.335,0.11383779,1.61424915,5.50679956,layer-1;mobile-mining,https://minepi.com/white-paper/,2025-02-11T07:16:10.000Z,2025-09-18T18:33:00.000Z
36410,myx-finance,MYX Finance,MYX,43,token,BNB Smart Chain (BEP20),0xD82544bf0dfe8385eF8FA34D67e6e4940CC63e16,1000000000,197111680.5,1000000000,14.818261018614942,2920852331.466833,348171304.61280614,-48.5586,-0.07665625,-17.1301204,11.44343114,defi;bnb-chain-ecosystem;binance-alpha;binance-wallet-ido;binance-ecosystem;binance-listing,https://myxfinance.gitbook.io/myx,2025-05-05T03:08:48.000Z,2025-09-18T18:33:00.000Z
36507,pump-fun,Pump.fun,PUMP,44,token,Solana,pumpCmXqMfrsAkQ5r49WcJnRayYRqmXz6ae8H7H9Dfn,1000000000000,354000000000,1000000000000,0.007940566111349039,2810960403.4175596,814156574.9295743,3.8174,-0.65222714,0.67891002,47.59181952,launchpad;solana-ecosystem;pump-fun-ecosystem;binance-ecosystem;binance-listing,,2025-05-14T18:51:49.000Z,2025-09-18T18:33:00.000Z
11841,arbitrum,Arbitrum,ARB,45,token,Arbitrum,0x912CE59144191C1204E64559FE8253a0e49E6548,10000000000,5295780056,,0.5259331703935357,2785226394.558936,473183896.08196366,68.8323,0.38197044,6.15160319,1.58883704,scaling;dao;dapp;ethereum-ecosystem;polychain-capital-portfolio;layer-2;rollups;pantera-capital-portfolio;arbitrum-ecosystem;osmosis-ecosystem;modular-blockchain;egirl-capital-portfolio;binance-ecosystem;binance-listing,https://github.com/OffchainLabs,2023-03-23T12:50:11.000Z,2025-09-18T18:33:00.000Z
28321,polygon-ecosystem-token,POL (prev. MATIC),POL,46,token,Ethereum,0x455e53cbb86018ac2b8092fdcd39d8444affc3f6,10496230792.905375,10496230782.905375,,0.2640330083858999,2771351390.3231955,189773112.3698015,3.5055,0.5363243,3.87822109,-1.77248862,ethereum-ecosystem;layer-2;binance-ecosystem;binance-listing,https://polygon.technology/papers/pol-whitepaper,2023-10-30T14:43:57.000Z,2025-09-18T18:32:00.000Z
8916,internet-computer,Internet Computer,ICP,47,coin,,,538056937.4575796,538056937.4575796,,4.942865984902411,2659543334.099834,79748838.95938542,10.7469,0.63584877,4.5654688,0.86556182,platform;ai-big-data;smart-contracts;polychain-capital-portfolio;electric-capital-portfolio;fenbushi-capital-portfolio;hashkey-capital-portfolio;a16z-portfolio;multicoin-capital-portfolio;exnetwork-capital-portfolio;icp-ecosystem;internet-computer-ecosystem;layer-1;alleged-sec-securities;depin;binance-ecosystem;binance-listing,https://internetcomputer.org/whitepaper.pdf,2021-03-23T00:00:00.000Z,2025-09-18T18:32:00.000Z
35491,memecore,MemeCore,M,48,token,BNB Smart Chain (BEP20),0x22b1458e780f8fa71e2f84502cee8b5a3cc731fa,5264317858.42,1039501066,10000000000,2.5560870370380058,2657055199.7897882,51580987.62517041,75.8755,-1.79303341,-0.08942134,30.2421035,memes;bnb-chain-ecosystem;layer-1;binance-alpha;binance-alpha-airdrops;binance-ecosystem;binance-listing,https://docs.memecore.com/,2025-07-03T09:16:58.000Z,2025-09-18T18:33:00.000Z
36148,usd1,World Liberty Financial USD,USD1,49,token,Ethereum,0x8d0D000Ee44948FC98c9B98A4FA4921476f08B0d,2655429261.7657547,2655429261.7657547,,0.9999645179126272,2655335041.5926766,460525137.4718994,21.7704,-0.00988278,-0.01511144,0.06314653,stablecoin;usd-stablecoin;tron20-ecosystem;made-in-america;world-liberty-financial-portfolio;binance-ecosystem;binance-listing;wlfi-ecosystem,https://static.worldlibertyfinancial.com/docs/gold-paper.pdf,2025-04-13T05:37:56.000Z,2025-09-18T18:32:00.000Z
34466,pudgy-penguins,Pudgy Penguins,PENGU,50,token,Solana,2zMMhcVQEXDtdE6vsFS7S7D5oUodfJHE8vd1gnBouauv,88888888888,62860396090.04,,0.03875629905441894,2436236309.5448174,800010739.5836899,221.2219,-0.07778997,14.76326477,15.20028456,collectibles-nfts;memes;solana-ecosystem;animal-memes;ip-memes;made-in-america;binance-hodler-airdrops;binance-ecosystem;binance-listing,,2024-12-17T14:00:00.000Z,2025-09-18T18:33:00.000Z
20396,kaspa,Kaspa,KAS,51,coin,,,26712521400.099564,26712521400.099564,28704026601,0.08938738116789216,2387762332.346176,68312706.99923007,41.3565,0.28030895,3.77859088,6.12367454,mineable;dag;pow;store-of-value;polychain-capital-portfolio;layer-1;made-in-america;binance-ecosystem;binance-listing,https://eprint.iacr.org/2018/104.pdf,2022-06-01T00:03:58.000Z,2025-09-18T18:33:00.000Z
3077,vechain,VeChain,VET,52,coin,,,85985041177,85985041177,86712634466,0.025962277054174823,2232367461.551904,67712380.4609399,33.8602,-0.0749242,6.3558335,5.54523652,logistics;data-provenance;iot;smart-contracts;fenbushi-capital-portfolio;real-world-assets-protocols;layer-1;binance-ecosystem;binance-listing,https://docs.vechain.org,2017-08-22T00:00:00.000Z,2025-09-18T18:33:00.000Z
4030,algorand,Algorand,ALGO,53,coin,,,10000000000,8776593017.780716,10000000000,0.25019719509689103,2195878955.5556936,94893456.86212799,28.2409,0.36472206,5.3730359,4.22821634,pos;platform;research;smart-contracts;algorand-ecosystem;arrington-xrp-capital-portfolio;kenetic-capital-portfolio;usv-portfolio;multicoin-capital-portfolio;exnetwork-capital-portfolio;real-world-assets-protocols;layer-1;dwf-labs-portfolio;alleged-sec-securities;made-in-america;binance-ecosystem;binance-listing,https://developer.algorand.org/,2019-06-20T00:00:00.000Z,2025-09-18T18:32:00.000Z
3794,cosmos,Cosmos,ATOM,54,coin,,,468774140,468774140,,4.666979396192448,2187759252.847834,122098258.38297896,15.7536,0.35740362,3.37494077,0.08391391,platform;cosmos-ecosystem;communications-social-media;content-creation;defi;interoperability;ethereum-ecosystem;polychain-capital-portfolio;dragonfly-capital-portfolio;hashkey-capital-portfolio;1confirmation-portfolio;paradigm-portfolio;exnetwork-capital-portfolio;polygon-ecosystem;cronos-ecosystem;injective-ecosystem;canto-ecosystem;osmosis-ecosystem;alleged-sec-securities;binance-ecosystem;binance-listing,https://cosmos.network/resources/whitepaper,2019-03-14T00:00:00.000Z,2025-09-18T18:32:00.000Z
5690,render,Render,RENDER,55,token,Ethereum,0x6de037ef9ad2725eb40118bb1702ebb27e4aeb24,533344789.44407415,518584616.1640741,644168762,4.114402389018028,2133665783.6534634,83937261.94585963,52.0553,0.60997945,6.98622886,4.41233834,art;media;vr-ar;ai-big-data;distributed-computing;collectibles-nfts;defi;gaming;scaling;video;ethereum-ecosystem;solana-ecosystem;metaverse;alameda-research-portfolio;multicoin-capital-portfolio;polygon-ecosystem;web3;generative-ai;depin;cmc-crypto-yearbook-2024-2025;made-in-america;binance-ecosystem;binance-listing,https://know.rendernetwork.com/,2020-06-11T00:00:00.000Z,2025-09-18T18:33:00.000Z
23149,sei,Sei,SEI,56,coin,,,10000000000,6127777777,,0.34065920936447047,2087483932.6739924,248370396.87433732,62.7009,-0.14631656,8.24490049,4.57278868,coinbase-ventures-portfolio;multicoin-capital-portfolio;layer-1;jump-crypto;sei-ecosystem;parallel-evm;made-in-america;world-liberty-financial-portfolio;binance-ecosystem;binance-listing,https://github.com/sei-protocol/sei-chain/blob/main/whitepaper/Sei_Whitepaper.pdf,2023-08-14T07:35:00.000Z,2025-09-18T18:33:00.000Z
23095,bonk1,Bonk,BONK,57,token,Ethereum,0x1151CB3d861920e07a38e03eEAd12C32178567F6,87995331225070.28,81205867492433.66,88872433754423.19,2.5667876531392655e-05,2084382180.4204195,569673453.9809309,64.9962,0.58182464,5.81184201,7.73377187,memes;ethereum-ecosystem;solana-ecosystem;polygon-ecosystem;doggone-doggerel;arbitrum-ecosystem;injective-ecosystem;aptos-ecosystem;dwf-labs-portfolio;base-ecosystem;cmc-crypto-awards-2024;move-vm;animal-memes;made-in-america;binance-ecosystem;binance-listing,https://assets-global.website-files.com/63d9862f53dc8e65d16eb0e0/63de6fb910d0b94a933c4a2f_BONK-PAPER-040223.pdf,2022-12-30T06:58:50.000Z,2025-09-18T18:33:00.000Z
2087,kucoin-token,KuCoin Token,KCS,58,token,Ethereum,0xf34960d9d60be18cc1d5afc1a6f012a723a28811,142359547.73556715,127359547.73556715,200000000,15.745288005117917,2005312759.2980683,4626489.91870248,13.6944,-0.25364595,-0.77363595,3.9337122,marketplace;centralized-exchange;discount-token;ethereum-ecosystem,https://www.kcs.foundation/kcs-whitepaper.pdf,2017-10-24T00:00:00.000Z,2025-09-18T18:32:00.000Z
33038,sky,Sky,SKY,59,token,Ethereum,0x56072C95FAA701256059aa122697B133aDEd9279,23462665147.365967,23424827629.752308,23462665147,0.07786364766695818,1823942525.2222607,76838320.67695057,-38.4146,0.28056661,-1.28274879,9.09792622,store-of-value;defi;dao;ethereum-ecosystem;polychain-capital-portfolio;governance;lending-borowing;dragonfly-capital-portfolio;electric-capital-portfolio;a16z-portfolio;1confirmation-portfolio;placeholder-ventures-portfolio;pantera-capital-portfolio;paradigm-portfolio;near-protocol-ecosystem;arbitrum-ecosystem;spartan-group;bnb-chain-ecosystem;bitcoin-ecosystem;real-world-assets-protocols;standard-crypto-portfolio;binance-ecosystem;binance-listing,,2024-09-18T13:25:16.000Z,2025-09-18T18:32:00.000Z
2280,filecoin,Filecoin,FIL,60,coin,,,1959079684,689490243,,2.584386096638838,1781908997.777334,193382748.21698606,-36.626,0.27390985,2.86392982,3.33806355,mineable;ai-big-data;distributed-computing;filesharing;storage;polychain-capital-portfolio;blockchain-capital-portfolio;boostvc-portfolio;dcg-portfolio;hashkey-capital-portfolio;a16z-portfolio;winklevoss-capital-portfolio;pantera-capital-portfolio;web3;filecoin-ecosystem;layer-1;alleged-sec-securities;depin;2017-2018-alt-season;made-in-america;binance-ecosystem;binance-listing,https://docs.filecoin.io/,2017-12-13T00:00:00.000Z,2025-09-18T18:33:00.000Z
7950,flare,Flare,FLR,61,coin,,,103974186966.37175,74051712084.77754,,0.024003911587439627,1777530749.7815347,11377365.88574612,-42.1277,0.42176994,-0.43059772,7.36196893,layer-1;dwf-labs-portfolio,https://docs.flare.network/,2020-12-11T00:00:00.000Z,2025-09-18T18:33:00.000Z
29210,jupiter-ag,Jupiter,JUP,62,token,Solana,JUPyiwrYJFskUPiHa7hkeR8VUtAeFoSYbKedZNsDvCN,6999011598.294006,3111744444.42,7000000000,0.5689622986556837,1770465271.9262567,103292111.72938608,127.4253,0.39484164,11.06072721,6.7968241,decentralized-exchange-dex-token;defi;derivatives;amm;solana-ecosystem;cross-chain;moonshot;binance-ecosystem;binance-listing,,2024-01-31T08:38:13.000Z,2025-09-18T18:32:00.000Z
35336,official-trump,OFFICIAL TRUMP,TRUMP,63,token,Solana,6p6xgHyF7AeE6TZkSmFsko444wqoP15icUSqi2jfGiPN,999999297.273409,199999270.360633,999999993.45,8.710476742839758,1742088993.0612144,291057492.20623904,33.4044,0.12688397,1.75237713,-0.58775355,memes;solana-ecosystem;political-memes;celebrity-memes;made-in-america;moonshot;binance-ecosystem;binance-listing,,2025-01-18T04:19:35.000Z,2025-09-18T18:32:00.000Z
10603,immutable-x,Immutable,IMX,64,token,Ethereum,0xf57e7e7c23978c3caec3c3548e3d615c346e79ff,2000000000,1939938090.3898141,2000000000,0.8643293343406333,1676745398.3286674,179079851.82248276,4.882,-0.17545288,18.24806935,48.49819802,collectibles-nfts;privacy;zero-knowledge-proofs;gaming;scaling;ethereum-ecosystem;layer-2;rollups;arrington-xrp-capital-portfolio;alameda-research-portfolio;modular-blockchain;binance-ecosystem;binance-listing,https://support.immutable.com/hc/en-us/articles/4405227590799,2021-06-24T00:00:00.000Z,2025-09-18T18:32:00.000Z
3773,artificial-superintelligence-alliance,Artificial Superintelligence Alliance,FET,65,coin,,,2714493896.672,2372615591.8812613,2719493897,0.6779726216472752,1608568412.9889405,102181385.42735443,24.4601,0.36009856,5.18368358,2.48456475,cosmos-ecosystem;ai-big-data;collectibles-nfts;iot;ethereum-ecosystem;binance-launchpad;web3;injective-ecosystem;osmosis-ecosystem;generative-ai;dwf-labs-portfolio;ai-agents;binance-ecosystem;binance-listing,https://docs.superintelligence.io/artificial-superintelligence-alliance/vision-paper,2019-03-02T00:00:00.000Z,2025-09-18T18:33:00.000Z
11840,optimism-ethereum,Optimism,OP,66,token,Optimism,0x4200000000000000000000000000000000000042,4294967296,1778634390,4294967296,0.833073273647036,1481732773.898499,235573023.47280207,48.4753,0.59575666,7.36138422,7.14456137,layer-2;optimism-ecosystem;made-in-america;binance-ecosystem;binance-listing,,2022-05-31T16:19:46.000Z,2025-09-18T18:33:00.000Z
7226,injective,Injective,INJ,67,token,Ethereum,0xe28b3b32b6c345a34ff64674606124dd5aceca30,100000000,99970935.41,,14.5719263914298,1456769112.0769029,120174870.20110969,26.8154,0.05125991,5.32513841,3.60319685,pos;platform;ai-big-data;smart-contracts;cosmos;binance-smart-chain;binance-launchpad;binance-labs-portfolio;cms-holdings-portfolio;pantera-capital-portfolio;web3;injective-ecosystem;real-world-assets-protocols;layer-1;made-in-america;binance-ecosystem;binance-listing,https://docs.injectiveprotocol.com/#introduction,2020-09-29T00:00:00.000Z,2025-09-18T18:33:00.000Z
22861,celestia,Celestia,TIA,68,token,Osmosis,ibc/D79E7D83AB399BFFF93433E54FAA480C191248FC556924A2A8351AE2638B3877,1145647850.520128,785185739.72516,,1.8191882409979894,1428400664.707319,117679542.1980069,16.8959,0.12125608,6.28448875,2.56092134,platform;cosmos-ecosystem;layer-1;modular-blockchain;egirl-capital-portfolio;data-availability;cmc-crypto-awards-2024;binance-ecosystem;binance-listing,https://arxiv.org/abs/1905.09274,2023-10-31T16:51:41.000Z,2025-09-18T18:32:00.000Z
4269,gatetoken,GateToken,GT,69,token,Ethereum,0xe66747a101bff2dba3697199dcce5b743b454759,300000000,82367183.48053858,300000000,17.233494479573576,1419474401.8098855,11181387.93301346,106.3405,0.09221402,1.75959248,2.77896977,marketplace;centralized-exchange;discount-token;ethereum-ecosystem;solana-ecosystem;ftx-bankruptcy-estate,,2019-08-20T00:00:00.000Z,2025-09-18T18:33:00.000Z
2634,xdc-network,XDC Network,XDC,70,coin,,,38020418743.65,17744841625.1,,0.07914546011525508,1404423655.0908701,43005876.05792215,14.4752,0.02466855,3.06581859,7.4656127,pos;enterprise-solutions;masternodes;smart-contracts;xdc-ecosystem;real-world-assets-protocols;layer-1,https://xinfin.org/docs/whitepaper-tech.pdf,2018-04-12T00:00:00.000Z,2025-09-18T18:32:00.000Z
28081,spx6900,SPX6900,SPX,71,token,Ethereum,0xe0f63a424a4439cbe457d80e4f4b51ad25b2c56c,930993090.07,930993090.07,1000000000,1.4656976917027953,1364554423.1068516,50314602.51018271,93.8417,0.42266943,13.23438884,5.02039652,memes;ethereum-ecosystem;solana-ecosystem;base-ecosystem;binance-alpha;binance-ecosystem;binance-listing,,2023-08-17T10:00:00.000Z,2025-09-18T18:33:00.000Z
27772,paypal-usd,PayPal USD,PYUSD,72,token,Ethereum,0x6c3ea9036406852006290770bedfcaba0e23a0e8,1301144072.178709,1301144072.178709,,0.9995068269780497,1300502383.0246398,110615566.3709321,26.5252,-0.0007529,0.00377739,0.00691924,stablecoin;asset-backed-stablecoin;usd-stablecoin;fiat-stablecoin,https://www.paypalobjects.com/devdoc/community/PYUSD-Solana-White-Paper.pdf,2023-08-21T14:30:00.000Z,2025-09-18T18:33:00.000Z
4847,stacks,Stacks,STX,73,coin,,,1799245532.69428,1799245532.69428,,0.696346753214057,1252898784.9265583,37341254.19860102,7.3449,0.18130334,6.60506041,4.28163863,mineable;platform;collectibles-nfts;gaming;smart-contracts;layer-2;metaverse;arrington-xrp-capital-portfolio;blockchain-capital-portfolio;dcg-portfolio;fabric-ventures-portfolio;hashkey-capital-portfolio;huobi-capital-portfolio;usv-portfolio;web3;injective-ecosystem;bitcoin-ecosystem;made-in-america;binance-ecosystem;binance-listing,https://stacks-network.github.io/stacks/stacks.pdf,2019-10-28T00:00:00.000Z,2025-09-18T18:32:00.000Z
3155,quant,Quant,QNT,74,token,Ethereum,0x4a220e6096b25eadb88358cb44068a3248254675,14881364,12072738,14881364,102.67225965561906,1239535290.6902592,22821094.66401537,46.2949,-0.24441502,2.24787764,2.22597525,platform;defi;interoperability;ethereum-ecosystem;real-world-assets-protocols;binance-ecosystem;binance-listing,,2018-08-10T00:00:00.000Z,2025-09-18T18:33:00.000Z
36341,aster,Aster,ASTER,75,token,BNB Smart Chain (BEP20),0x000Ae314E2A2172a039B26378814C252734f556A,8000000000,1657250000,8000000000,0.7377296252580365,1222602421.4588811,473124636.34173685,465.6753,3.57933119,300.81849477,774.22000283,decentralized-exchange-dex-token;defi;dex;bnb-chain-ecosystem,,2025-04-25T06:46:11.000Z,2025-09-18T18:32:00.000Z
8000,lido-dao,Lido DAO,LDO,76,token,Ethereum,0x5a98fcbea516cf06857215779fd812ca3bef1b32,1000000000,895801548.0664213,,1.3438729698023681,1203843486.7535803,191552213.80821502,156.3779,0.3026467,12.02305086,7.73921429,defi;dao;ethereum-ecosystem;three-arrows-capital-portfolio;solana-ecosystem;paradigm-portfolio;terra-ecosystem;arbitrum-ecosystem;liquid-staking-derivatives;optimism-ecosystem;standard-crypto-portfolio;egirl-capital-portfolio;cmc-crypto-yearbook-2024-2025;binance-ecosystem;binance-listing,https://lido.fi/static/Lido:Ethereum-Liquid-Staking.pdf,2020-12-15T00:00:00.000Z,2025-09-18T18:33:00.000Z
29270,aerodrome-finance,Aerodrome Finance,AERO,77,token,Base,0x940181a94a35a4569e4529a3cdfb74e38fd98631,1748524991.0700152,897311519.6129439,,1.336109361163809,1198906321.2349772,117029826.40262388,-11.3254,-0.33865751,2.7549013,12.47773323,defi;amm;base-ecosystem;binance-alpha;made-in-america;binance-ecosystem;binance-listing,,2024-02-02T07:15:19.000Z,2025-09-18T18:33:00.000Z
26081,first-digital-usd,First Digital USD,FDUSD,78,token,Ethereum,0xc5f0f7b66764F6ec8C8Dff7BA683102295E16409,1157891353.782785,1157891353.782785,,0.9980392547404429,1155621023.7997732,7539248650.15369,22.3173,0.00351434,-0.02852389,0.02101672,stablecoin;binance-smart-chain;usd-stablecoin;fiat-stablecoin;binance-ecosystem;binance-listing,https://resources.cryptocompare.com/asset-management/3242/1693209082602.pdf,2023-07-26T04:26:40.000Z,2025-09-18T18:33:00.000Z
6538,curve-dao-token,Curve DAO Token,CRV,79,token,Ethereum,0xD533a949740bb3306d119CC777fa900bA034cd52,2305584464.716957,1390955105.4034333,3030303030.299,0.8242486968100288,1146492932.950036,284020864.02215934,60.1224,1.08354282,11.15628752,2.70246027,decentralized-exchange-dex-token;defi;dao;ethereum-ecosystem;yield-farming;amm;governance;framework-ventures-portfolio;alameda-research-portfolio;polygon-ecosystem;fantom-ecosystem;arbitrum-ecosystem;optimism-ecosystem;dwf-labs-portfolio;base-ecosystem;gnosis-chain-ecosystem;binance-ecosystem;binance-listing,https://docs.curve.fi/,2020-08-14T00:00:00.000Z,2025-09-18T18:32:00.000Z
4705,pax-gold,PAX Gold,PAXG,80,token,Ethereum,0x45804880de22913dafe09f4980848ece6ecbaf78,290578.456,290578.456,,3647.1022633495936,1059769344.5582303,144072948.4578943,14.9388,-0.09509812,-1.11917362,0.39558021,ethereum-ecosystem;tokenized-gold;real-world-assets-protocols;binance-ecosystem;binance-listing;tokenized-assets;tokenized-commodities,https://www.paxos.com/pax-gold,2019-09-26T00:00:00.000Z,2025-09-18T18:33:00.000Z
6719,the-graph,The Graph,GRT,81,token,Ethereum,0xc944e90c64b2c07662a292be6244bdf05cda44a7,11355802556.453262,10505772312.920137,,0.09910015612166846,1041123676.3890876,41024466.71739957,22.234,0.39100118,5.10702359,1.34629457,ai-big-data;enterprise-solutions;defi;ethereum-ecosystem;coinbase-ventures-portfolio;avalanche-ecosystem;solana-ecosystem;analytics;coinfund-portfolio;dcg-portfolio;fabric-ventures-portfolio;framework-ventures-portfolio;ledgerprime-portfolio;multicoin-capital-portfolio;parafi-capital;polygon-ecosystem;fantom-ecosystem;web3;near-protocol-ecosystem;arbitrum-ecosystem;spartan-group;injective-ecosystem;sora-ecosystem;made-in-america;binance-ecosystem;binance-listing,https://thegraph.com/docs/,2020-12-17T00:00:00.000Z,2025-09-18T18:33:00.000Z
28177,pyth-network,Pyth Network,PYTH,82,token,Solana,HZ1JovNiVvGrGNiiYvEozEVgZ58xaU3RKwX8eACQBCt3,9999983487.890007,5749983487.890007,10000000000,0.17611827923214265,1012677197.5004218,89920565.97414139,36.9791,1.13898204,7.54694182,-1.07555255,defi;oracles;solana-ecosystem;cross-chain;cmc-crypto-yearbook-2024-2025;binance-ecosystem;binance-listing,https://pyth.network/whitepaper_v2.pdf,2023-11-20T09:42:13.000Z,2025-09-18T18:33:00.000Z
32880,kaia,Kaia,KAIA,83,token,KAIA,0x0000000000000000000000000000000000000000,6122120706.674877,6122120706.674877,,0.16101157649853118,985732306.4960238,32251446.93664623,6.6778,0.18244055,2.84315266,2.81130201,platform;enterprise-solutions;layer-1;klaytn-ecosystem;binance-ecosystem;binance-listing,https://docs.kaia.io/kaiatech/kaia-white-paper/,2024-10-29T05:17:50.000Z,2025-09-18T18:33:00.000Z
10804,floki-inu,FLOKI,FLOKI,84,token,Ethereum,0xcf0c122c6b73ff809c693db761e7baebe62b6a2e,9657530080160.832,9539363884490.316,,0.00010228191081953258,975704366.1085085,126790465.38819227,56.6031,-0.36960455,4.79880551,4.90208986,defi;gaming;memes;ethereum-ecosystem;metaverse;doggone-doggerel;play-to-earn;bnb-chain-ecosystem;dwf-labs-portfolio;paal-ecosystem;tokenfi-launchpad;animal-memes;binance-ecosystem;binance-listing,https://docs.floki.com/,2021-07-09T00:00:00.000Z,2025-09-18T18:33:00.000Z
7334,conflux-network,Conflux,CFX,85,coin,,,5136700360.66,5136700363.04,,0.18746828203244248,962968392.3745323,89161873.99914186,4.1984,0.12875993,5.17957129,6.2476555,mineable;pow;platform;collectibles-nfts;defi;payments;research;smart-contracts;staking;hybrid-pow-dpos;huobi-capital-portfolio;web3;injective-ecosystem;layer-1;dwf-labs-portfolio;binance-ecosystem;binance-listing,https://confluxnetwork.org/files/Conflux_Economic_Paper_20201230.pdf,2020-11-11T00:00:00.000Z,2025-09-18T18:33:00.000Z
28752,dogwifhat,dogwifhat,WIF,86,token,Solana,EKpQGSJtjMFqKZ9KQanSqYXRcF8fBopzLHYxdM65zcjm,998839979.037651,998839979.037651,998840592.989347,0.9577396747304805,956628676.6313198,277820683.6622191,-12.5993,-0.19844577,3.57948438,8.11829218,memes;solana-ecosystem;doggone-doggerel;animal-memes;cmc-crypto-yearbook-2024-2025;binance-ecosystem;binance-listing,,2023-12-19T09:08:50.000Z,2025-09-18T18:33:00.000Z
7186,pancakeswap,PancakeSwap,CAKE,87,token,Ethereum,0x152649eA73beAb28c5b49B26eb48f7EAD6d4c898,361567613.24106413,345545014.5649367,450000000,2.7545890076282507,951834498.7613184,133567091.72477746,-1.6452,-0.44982311,7.32396984,9.83893547,collectibles-nfts;decentralized-exchange-dex-token;defi;privacy;smart-contracts;ethereum-ecosystem;yield-farming;amm;dex;governance;solana-ecosystem;arbitrum-ecosystem;bnb-chain-ecosystem;aptos-ecosystem;zksync-era-ecosystem;base-ecosystem;linea-ecosystem;move-vm;polygon-zkevm-ecosystem;opbnb-ecosystem;binance-ecosystem;binance-listing,https://docs.pancakeswap.finance/developers,2020-09-25T00:00:00.000Z,2025-09-18T18:32:00.000Z
33597,fartcoin,Fartcoin,FARTCOIN,88,token,Solana,9BB6NFEcjBCtnNLFko2FqVQBq8HHM13kCyYcdQbgpump,1000000000,999998256,1000000000,0.9481774054665097,948175751.8451146,213823363.93941826,62.8503,-0.43508933,12.5131214,10.3659248,memes;solana-ecosystem;ai-memes;pump-fun-ecosystem;terminal-of-truths;binance-alpha;binance-ecosystem;binance-listing,,2024-10-23T17:42:55.000Z,2025-09-18T18:32:00.000Z
13855,ethereum-name-service,Ethereum Name Service,ENS,89,token,Ethereum,0xC18360217D8F7Ab5e7c516566761Ea12Ce7F9D72,100000000,36999019.52273425,,24.571869324558026,909135072.8493972,93431542.45363455,48.1882,0.06477894,4.65188479,2.95916229,dao;ethereum-ecosystem;governance;solana-ecosystem;web3;binance-ecosystem;binance-listing,https://docs.ens.domains/,2021-11-09T01:31:29.000Z,2025-09-18T18:32:00.000Z
8526,raydium,Raydium,RAY,90,token,Solana,4k3Dyjzvzp8eMZWUXbBCjEvwSkkk59S5iCNLY3QrkX6R,554998183.02808,268127089.855586,555000000,3.3822103411252633,906862216.0453856,93213755.59540965,47.1111,-0.17158789,4.03026529,-3.51065271,decentralized-exchange-dex-token;defi;amm;dex;solana-ecosystem;petrock-capital-portfolio;binance-ecosystem;binance-listing,https://raydium.io/Raydium-Litepaper.pdf,2021-02-19T00:00:00.000Z,2025-09-18T18:32:00.000Z
32684,sonic,Sonic,S,91,coin,,,3222625000,2880000000,,0.3124098684872399,899740421.2432508,97004996.95952943,81.0297,0.2372015,3.68584316,3.76138658,staking;galaxy-digital-portfolio;layer-1;sonic-ecosystem;binance-ecosystem;binance-listing,https://www.soniclabs.com/litepaper,2025-01-03T14:11:26.000Z,2025-09-18T18:32:00.000Z
5176,tether-gold,Tether Gold,XAUt,92,token,Ethereum,0x68749665FF8D2d112Fa859AA293F07A622782F38,246524,246524,,3644.928955866278,898562465.9159783,72066357.1279856,-15.9587,-0.07027357,-1.10644973,0.33304423,ethereum-ecosystem;tokenized-gold;real-world-assets-protocols;tokenized-assets;tokenized-commodities,,2020-02-07T00:00:00.000Z,2025-09-18T18:32:00.000Z
29420,virtual-protocol,Virtuals Protocol,VIRTUAL,93,token,Ethereum,0x44ff8620b8cA30902395A7bD3F2407e1A091BF73,1000000000,655602283.552378,1000000000,1.367684977408641,896657394.3693876,185276016.78717637,107.1684,-0.10821893,9.04525525,9.23291041,ai-big-data;gaming;ethereum-ecosystem;solana-ecosystem;metaverse;generative-ai;base-ecosystem;ai-agents;virtuals-protocol-ecosystem;ai-agent-launchpad;binance-ecosystem;binance-listing,https://whitepaper.virtuals.io/,2024-02-15T07:33:29.000Z,2025-09-18T18:32:00.000Z
9481,pendle,Pendle,PENDLE,94,token,Ethereum,0x808507121b80c02388fad14726482e061b8da827,281527448.45853144,169505785.2959743,,5.2853297448371075,895893968.9467854,107367155.41763343,55.3964,-0.15443642,5.4542113,3.86701922,defi;ethereum-ecosystem;olympus-pro-ecosystem;arbitrum-ecosystem;spartan-group;bitcoin-ecosystem;real-world-assets-protocols;restaking;eigenlayer-ecosystem;cmc-crypto-yearbook-2024-2025;btcfi;binance-ecosystem;binance-listing,https://docs.pendle.finance/resources/lite-paper,2021-04-29T00:00:00.000Z,2025-09-18T18:32:00.000Z
2416,theta-network,Theta Network,THETA,95,coin,,,1000000000,1000000000,1000000000,0.8633314945578466,863331494.5578467,31500048.75866586,36.9957,0.40912115,5.66265654,4.60458454,media;vr-ar;communications-social-media;ai-big-data;distributed-computing;content-creation;entertainment;sharing-economy;smart-contracts;video;huobi-capital-portfolio;web3;layer-1;depin;2017-2018-alt-season;made-in-america;binance-ecosystem;binance-listing,https://s3.us-east-2.amazonaws.com/assets.thetatoken.org/Theta-white-paper-latest.pdf?v=1553657855.509,2018-01-17T00:00:00.000Z,2025-09-18T18:33:00.000Z
29814,ether-fi-ethfi,ether.fi,ETHFI,96,token,Ethereum,0xFe0c30065B384F05761f15d0CC899D4F9F9Cc0eB,1000000000,512533237,1000000000,1.662170366912586,851917558.5991855,229277975.6533164,120.6297,0.21875757,10.08115631,15.12786803,defi;staking;ethereum-ecosystem;binance-launchpool;arbitrum-ecosystem;eigenlayer-ecosystem;cmc-crypto-yearbook-2024-2025;binance-ecosystem;binance-listing,https://etherfi.gitbook.io/etherfi/ether.fi-whitepaper,2024-03-13T06:06:39.000Z,2025-09-18T18:32:00.000Z
7080,gala,Gala,GALA,97,token,Ethereum,0xd1d2Eb1B1e90B638588728b4130137D262C87cae,46008866873.04784,46008866873.04784,50000000000,0.018509832343506272,851616412.1348151,129147276.42989977,67.2395,0.52098877,8.19077721,7.60078372,collectibles-nfts;gaming;binance-smart-chain;polygon-ecosystem;play-to-earn;layer-1;dwf-labs-portfolio;made-in-america;binance-ecosystem;binance-listing,,2020-09-16T00:00:00.000Z,2025-09-18T18:32:00.000Z
2011,tezos,Tezos,XTZ,98,coin,,,1078979244.295659,1058915264.740593,,0.7996457416192997,846757082.1854885,29516566.02738963,-12.6279,0.49494633,4.32446144,7.73126434,pos;platform;enterprise-solutions;collectibles-nfts;smart-contracts;polychain-capital-portfolio;boostvc-portfolio;winklevoss-capital-portfolio;tezos-ecosystem;layer-1;2017-2018-alt-season;made-in-america;binance-ecosystem;binance-listing,https://tezos.com/whitepaper.pdf,2017-10-06T00:00:00.000Z,2025-09-18T18:33:00.000Z
2694,nexo,Nexo,NEXO,99,token,Ethereum,0xb62132e35a6c13ee1ee0f84dc5d40bad8d815206,1000000000,646145839.5746847,1000000000,1.2982794173830752,838877844.1475197,10672169.58590133,-7.2318,-0.02558338,1.82917004,0.38969794,services;payments;ethereum-ecosystem;polygon-ecosystem;cardano-ecosystem;alleged-sec-securities;binance-ecosystem;binance-listing,,2018-05-01T00:00:00.000Z,2025-09-18T18:33:00.000Z
1437,zcash,Zcash,ZEC,100,coin,,,16221363.6655448,16221363.6655448,21000000,50.64287544863717,821496499.7212338,96602187.71991755,6.2204,0.59194178,-0.8878709,5.63760462,mineable;pow;equihash;medium-of-exchange;privacy;zero-knowledge-proofs;binance-chain;boostvc-portfolio;dcg-portfolio;electric-capital-portfolio;fenbushi-capital-portfolio;hashkey-capital-portfolio;winklevoss-capital-portfolio;placeholder-ventures-portfolio;pantera-capital-portfolio;layer-1;standard-crypto-portfolio;2017-2018-alt-season;made-in-america;binance-ecosystem;binance-listing,https://github.com/zcash/zips/blob/master/protocol/protocol.pdf,2016-10-29T00:00:00.000Z,2025-09-18T18:32:00.000Z
6210,the-sandbox,The Sandbox,SAND,101,token,Ethereum,0x3845badAde8e6dFF049820680d1F14bD3903a5d0,3000000000,2573289192.2233224,,0.3155230981330646,811932178.322634,67270662.97740082,39.8012,0.70365874,4.58351137,4.96705524,communications-social-media;collectibles-nfts;content-creation;gaming;ethereum-ecosystem;binance-launchpad;metaverse;polygon-ecosystem;play-to-earn;animoca-brands-portfolio;alleged-sec-securities;binance-ecosystem;binance-listing,http://www.sandbox.game/The_Sandbox_Whitepaper_2020.pdf,2020-08-05T00:00:00.000Z,2025-09-18T18:33:00.000Z
34104,morpho,Morpho,MORPHO,102,token,Ethereum,0x58D97B57BB95320F9a05dC918Aef65434969c2B2,1000000000,337801055.975246,1000000000,2.391104586937497,807717654.4147409,70968529.03066458,163.9756,3.78968591,19.49643249,16.68973121,defi;ethereum-ecosystem;coinbase-ventures-portfolio;lending-borowing;fenbushi-capital-portfolio;pantera-capital-portfolio;arbitrum-ecosystem;base-ecosystem;binance-alpha;binance-ecosystem;binance-listing,https://docs.morpho.org/,2024-11-21T10:30:00.000Z,2025-09-18T18:33:00.000Z
1720,iota,IOTA,IOTA,103,coin,,,4600000000,4041897028,,0.19788403951290215,799826911.1958338,22272592.10873472,31.6245,0.24690989,5.1555024,2.44397739,dag;real-world-assets-protocols;layer-1;dwf-labs-portfolio;move-vm;2017-2018-alt-season;binance-ecosystem;binance-listing,https://iota.org/IOTA_Whitepaper.pdf,2017-06-13T00:00:00.000Z,2025-09-18T18:33:00.000Z
28541,jito,Jito,JTO,104,token,Solana,jtojtomepa8beP8AuQc6eXt5FriJwfFMwQx2v2f9mCL,999999667.7188687,378694080.1,,2.06136100726556,780625210.4004407,137374466.76283485,274.3274,-0.49951714,12.39326414,13.30659297,defi;staking;dao;solana-ecosystem;liquid-staking-derivatives;cmc-crypto-yearbook-2024-2025;binance-ecosystem;binance-listing,,2023-12-07T16:04:41.000Z,2025-09-18T18:33:00.000Z
36462,vaulta,Vaulta,A,105,coin,,,2100000000,1591629291.4878,2100000000,0.48826517082604565,777137147.9000286,51609914.30928975,48.6042,0.25604968,3.06453468,4.87531456,medium-of-exchange;enterprise-solutions;defi;smart-contracts;eos-ecosystem;fenbushi-capital-portfolio;galaxy-digital-portfolio;dwf-labs-portfolio;2017-2018-alt-season;made-in-america;binance-ecosystem;binance-listing;wlfi-ecosystem,,2025-05-28T09:48:03.000Z,2025-09-18T18:33:00.000Z
30083,aethir,Aethir,ATH,106,token,Ethereum,0xbe0ed4138121ecfc5c0e56b40517da27e6c5226b,42000000000,12210160394,42000000000,0.06348729235888168,775190022.6827159,137121622.15234604,-19.7594,-1.72770073,0.82015219,37.15607801,ai-big-data;distributed-computing;ethereum-ecosystem;solana-ecosystem;arbitrum-ecosystem;depin;binance-alpha;cmc-crypto-yearbook-2024-2025;binance-ecosystem;binance-listing,https://aethir.gitbook.io/aethir/ljvx8d8ee4ElPliP31K1,2024-06-12T02:20:00.000Z,2025-09-18T18:33:00.000Z
8425,jasmy,JasmyCoin,JASMY,107,token,Ethereum,0x7420B4b9a0110cdC71fB720908340C03F9Bc03EC,50000000000,49444999677.16958,50000000000,0.015053458921017693,744318271.4900054,41226455.33378848,26.7355,0.32648328,5.68953781,5.40228384,iot;ethereum-ecosystem;dwf-labs-portfolio;binance-ecosystem;binance-listing;robotics,https://www.jasmy.co.jp/images/whitepaper.pdf,2021-02-11T00:00:00.000Z,2025-09-18T18:32:00.000Z
23635,binaryx-new,Four,FORM,108,token,BNB Smart Chain (BEP20),0x5b73A93b4E5e4f1FD27D8b3F8C97D69908b5E284,572301922.0959299,381867255.144574,580000000,1.9358601792366057,739241612.9887656,33195108.45681523,-11.0266,1.2823802,1.10253916,-26.0833754,gaming;binance-chain;bnb-chain-ecosystem;binance-ecosystem;binance-listing,,2023-02-22T12:30:00.000Z,2025-09-18T18:32:00.000Z
34387,ripple-usd,Ripple USD,RLUSD,109,token,XRP Ledger,524C555344000000000000000000000000000000.rMxCKbEDwqr76QuheSUMdEGf4B9xJ8m5De,729950821.4599981,729950821.4599981,,0.9996628573577144,729704723.9113126,153893095.38213065,27.4088,-0.00831606,-0.01046122,-0.01234554,stablecoin;usd-stablecoin;fiat-stablecoin,,2024-12-18T07:22:18.000Z,2025-09-18T18:33:00.000Z
1966,decentraland,Decentraland,MANA,110,token,Ethereum,0x0f5d2fb29fb7d3cfee444a200298f468908cc942,2193179327.320146,1969729010.368757,,0.34887681494473227,687192783.4416915,46612936.46501183,17.7185,0.11420289,2.35958185,8.68882763,platform;collectibles-nfts;gaming;payments;ethereum-ecosystem;solana-ecosystem;metaverse;boostvc-portfolio;dcg-portfolio;fabric-ventures-portfolio;kenetic-capital-portfolio;polygon-ecosystem;play-to-earn;alleged-sec-securities;gnosis-chain-ecosystem;fusion-network-ecosystem;binance-ecosystem;binance-listing,https://decentraland.org/whitepaper.pdf,2017-09-17T00:00:00.000Z,2025-09-18T18:32:00.000Z
4558,flow,Flow,FLOW,111,coin,,,1609858180.9907877,1609858180.9907877,,0.42052006925740787,676977673.7648507,20984479.35714073,22.4365,0.48481083,4.96950873,2.85658044,platform;collectibles-nfts;staking;coinbase-ventures-portfolio;coinfund-portfolio;dcg-portfolio;ledgerprime-portfolio;a16z-portfolio;animoca-brands-portfolio;layer-1;alleged-sec-securities;flow-ecosystem;binance-ecosystem;binance-listing,https://www.flow.com/technical-paper,2021-01-27T00:00:00.000Z,2025-09-18T18:33:00.000Z
30494,eigenlayer,EigenLayer,EIGEN,112,token,Ethereum,0xec53bF9167f50cDEB3Ae105f56099aaaB9061F83,1748317058.1004372,338203331.55580807,,1.9520790100843868,660199624.6707034,511951204.95863825,324.5173,0.6902571,20.36434139,34.71744043,defi;ethereum-ecosystem;restaking;cmc-crypto-yearbook-2024-2025;made-in-america;binance-ecosystem;binance-listing,https://docs.eigenlayer.xyz/,2024-07-04T15:49:12.000Z,2025-09-18T18:33:00.000Z
3871,newton,AB,AB,113,token,BNB Smart Chain (BEP20),0x95034f653d5d161890836ad2b6b8cc49d14e029a,98823661261.46,77899182843.95,98823661261.46,0.008473917073218413,660111215.4911108,27932939.60713964,0.8467,0.11815182,0.24900516,0.73478457,mineable;marketplace;enterprise-solutions;bnb-chain-ecosystem;binance-alpha;binance-alpha-airdrops;binance-ecosystem,https://ab.org/files/AB%20Litepaper.pdf,2019-04-17T00:00:00.000Z,2025-09-18T18:33:00.000Z
7326,dexe,DeXe,DEXE,114,token,Ethereum,0xde4EE8057785A7e8e800Db58F9784845A5C2Cbd6,96504599.33609451,83733647.45513172,,7.835076142037621,656059503.4614917,87951167.46524088,340.6132,-0.09337472,8.9243338,13.20876032,asset-management;ai-big-data;defi;dao;ethereum-ecosystem;bnb-chain-ecosystem;binance-ecosystem;binance-listing,https://whitepaper.dexe.network/,2020-10-07T00:00:00.000Z,2025-09-18T18:32:00.000Z
36119,walrus-xyz,Walrus,WAL,115,token,Sui Network,0x356a26eb9e012a68958082340d4c4116e7f55615cf27affcff209cf0ae544f59::wal::WAL,5000000000,1446250000,5000000000,0.4503847019820062,651368875.2414764,24790394.01805045,-15.0642,-0.19065756,5.76882432,2.47816417,storage;sui-ecosystem;depin;move-vm;binance-ecosystem;binance-listing,https://docs.wal.app/walrus.pdf,2025-03-26T06:11:29.000Z,2025-09-18T18:33:00.000Z
16086,bittorrent-new,BitTorrent [New],BTT,116,token,Tron20,TAFjULxiVgT4qWk6UZwjqwZXTSaGaqnVp4,990000000000000,986061142857000,,6.538651433547698e-07,644751010.5307604,20753724.26156568,14.1908,0.38599469,1.88572515,2.43713836,platform;distributed-computing;defi;filesharing;interoperability;staking;ethereum-ecosystem;tron-ecosystem;storage;binance-launchpad;binance-labs-portfolio;web3;alleged-sec-securities;depin;tron20-ecosystem;binance-ecosystem;binance-listing,https://www.bittorrent.com/btt/btt-docs/BitTorrent_(BTT)_White_Paper_v0.8.7_Feb_2019.pdf,2019-01-31T00:00:00.000Z,2025-09-18T18:33:00.000Z
29743,based-brett,Brett (Based),BRETT,117,token,Base,0x532f27101965dd16442e59d40670faf5ebb142e4,9910236395,9910236395,10000000000,0.05810966730491958,575880539.8265556,87928700.97279349,66.6988,0.47738995,13.74882896,15.80695332,memes;base-ecosystem;binance-ecosystem;binance-listing,,2024-03-11T07:58:23.000Z,2025-09-18T18:32:00.000Z
22691,starknet-token,Starknet,STRK,118,token,Ethereum,0xCa14007Eff0dB1f8135f4C25B34De49AB0d42766,10000000000,4077130043.348971,10000000000,0.13930926992534617,567982009.7296401,44368027.63463627,28.4565,-0.17370183,3.7999182,4.8807616,privacy;zero-knowledge-proofs;dapp;ethereum-ecosystem;layer-2;rollups;modular-blockchain;starknet-ecosystem;binance-ecosystem;binance-listing,https://starknet.io/docs/,2024-02-20T12:19:19.000Z,2025-09-18T18:33:00.000Z
29587,wormhole,Wormhole,W,119,token,Ethereum,0xB0fFa8000886e57F86dd5264b9582b2Ad87b2b91,10000000000,4764852559,10000000000,0.11904365731442153,567225475.1873405,480639361.34823895,181.1664,1.29683135,25.42200568,28.69272663,collectibles-nfts;defi;interoperability;dao;ethereum-ecosystem;coinbase-ventures-portfolio;governance;solana-ecosystem;arrington-xrp-capital-portfolio;multicoin-capital-portfolio;web3;arbitrum-ecosystem;cross-chain;optimism-ecosystem;jump-crypto;base-ecosystem;cmc-crypto-yearbook-2024-2025;binance-ecosystem;binance-listing,,2024-03-29T04:25:44.000Z,2025-09-18T18:33:00.000Z
33824,maple-finance,Maple Finance,SYRUP,120,token,Ethereum,0x643C4E15d7d62Ad0aBeC4a9BD4b001aA3Ef52d66,1200275708.54902,1194802760.1163807,,0.4561834420795264,545049235.7160093,31093438.83939673,1.1746,-0.49115935,4.23471099,-0.16515318,defi;dao;ethereum-ecosystem;framework-ventures-portfolio;real-world-assets-protocols;circle-ventures-portfolio;base-ecosystem;binance-ecosystem;binance-listing,https://maplefinance.gitbook.io/maple,2024-11-06T06:16:40.000Z,2025-09-18T18:33:00.000Z
28324,dydx-chain,dYdX,DYDX,121,token,Osmosis,ibc/831F0B1BBB1D08A2B75311892876D71565478C532967545476DF4C2D7492E48C,958342745,782685244.9156303,1000000000,0.682675754933703,534320240.4482482,19057692.97208119,85.8747,0.62763012,7.54310361,5.17277668,decentralized-exchange-dex-token;layer-1;made-in-america;binance-ecosystem;binance-listing,https://docs.dydx.community/dydx-token-migration/start-here/introduction,2021-08-03T00:00:00.000Z,2025-09-18T18:33:00.000Z
3602,bitcoin-sv,Bitcoin SV,BSV,122,coin,,,19921706.25,19921706.25,,26.685544725226446,531621583.1371982,49122607.7882326,6.6791,0.03967578,3.96286598,2.22408893,mineable;pow;sha-256;medium-of-exchange;store-of-value;state-channel;bitcoin-ecosystem;2017-2018-alt-season;binance-ecosystem;binance-listing,,2018-11-09T00:00:00.000Z,2025-09-18T18:32:00.000Z
19891,usdd,USDD,USDD,123,token,Tron20,TXDk8mbtRbXeYuMNS83CfKPaYYT8XWv9Hz,519139751,519139751,,1.0005878422587808,519444923.2838508,4391561.22950898,-19.8227,0.00176922,-0.17066522,0.11693903,stablecoin;algorithmic-stablecoin;usd-stablecoin;tron20-ecosystem,https://usdd.network/USDD-en.pdf,2022-05-02T08:07:12.000Z,2025-09-18T18:32:00.000Z
26997,layerzero,LayerZero,ZRO,124,token,Ethereum,0x6985884C4392D348587B19cb9eAAf157F13271cd,1000000000,245764895.02731666,1000000000,2.0677945333239656,508191306.4204236,51310609.76029684,56.2407,0.52804963,6.36979045,2.85162446,defi;interoperability;ethereum-ecosystem;coinbase-ventures-portfolio;binance-labs-portfolio;avalanche-ecosystem;a16z-portfolio;multicoin-capital-portfolio;polygon-ecosystem;arbitrum-ecosystem;cross-chain;optimism-ecosystem;sino-global-capital;base-ecosystem;binance-ecosystem;binance-listing,https://layerzero.network/publications/LayerZero_Whitepaper_V2.1.0.pdf,2024-06-20T05:52:25.000Z,2025-09-18T18:32:00.000Z
10529,sun-token,Sun [New],SUN,125,token,Tron20,TSSMHYeV2uE9qYH95DqyoCuNCzEL1NvU3S,19900730000,19165684469.200584,19900730000,0.02635567099042673,505124474.176582,176540255.55551845,716.0864,8.06847196,29.66068728,26.32568829,tron-ecosystem;tron20-ecosystem;binance-ecosystem;binance-listing,https://sun.io/docs/SUN_V3_Whitepaper_cn.pdf,2021-06-21T00:00:00.000Z,2025-09-18T18:33:00.000Z
36532,buildon,BUILDon,B,126,token,BNB Smart Chain (BEP20),0x6bdcce4a559076e37755a78ce0c06214e59e4444,1000000000,1000000000,,0.5032771727194364,503277172.7194364,14338074.88242307,16.7216,-0.37818476,-6.1220063,-4.9676704,memes;bnb-chain-ecosystem;ai-memes;binance-alpha;world-liberty-financial-portfolio;four-meme-ecosystem;binance-ecosystem;binance-listing;wlfi-ecosystem,,2025-05-16T08:07:37.000Z,2025-09-18T18:33:00.000Z
33391,deepbook-protocol,DeepBook Protocol,DEEP,127,token,Sui Network,0xdeeb7a4662eec9f2f3def03fb937a663dddaa2e215b8078a284d026b7946c270::deep::DEEP,10000000000,3523000000,10000000000,0.1428233965929485,503166826.1969575,28029400.01261028,87.7995,-0.03869945,5.75679929,4.89448229,decentralized-exchange-dex-token;defi;sui-ecosystem;move-vm;binance-ecosystem;binance-listing,https://drive.google.com/file/d/12JaXqshtbIgyvWIxV8j2GVRCINafqYqe/view,2024-10-10T05:43:32.000Z,2025-09-18T18:33:00.000Z
2563,trueusd,TrueUSD,TUSD,128,token,Ethereum,0x0000000000085d4780B73119b644AE5ecd22b376,494515083,494515083,,0.9964774493300399,492773128.563073,52658952.20774232,5.2109,-0.00050657,-0.10146125,-0.06833504,store-of-value;stablecoin;asset-backed-stablecoin;usd-stablecoin;fiat-stablecoin;tron20-ecosystem;binance-ecosystem;binance-listing,,2018-03-06T00:00:00.000Z,2025-09-18T18:32:00.000Z
5665,helium,Helium,HNT,129,coin,,,186216697.1158784,186216697.1158784,223000000,2.6389802685395525,491422189.3614093,8829022.76875345,37.9553,-1.39947231,2.9394002,-3.27194829,mineable;enterprise-solutions;distributed-computing;iot;solana-ecosystem;usv-portfolio;multicoin-capital-portfolio;web3;depin;made-in-america;robotics,http://docs.helium.com/,2020-06-05T00:00:00.000Z,2025-09-18T18:33:00.000Z
1376,neo,Neo,NEO,130,coin,,,100000000,70538831,,6.817877089409313,480925079.7886154,24979514.47837947,32.8461,0.19549492,3.58598007,2.62981845,platform;enterprise-solutions;defi;smart-contracts;2017-2018-alt-season;binance-ecosystem;binance-listing,https://docs.neo.org/docs/en-us/index.html,2016-09-08T00:00:00.000Z,2025-09-18T18:32:00.000Z
5632,arweave,Arweave,AR,131,coin,,,65652466,65652466,66000000,7.317935227437645,480440493.7095522,60472176.3762664,15.248,0.33911892,5.45769332,2.32788544,distributed-computing;filesharing;storage;coinbase-ventures-portfolio;solana-ecosystem;arrington-xrp-capital-portfolio;blockchain-capital-portfolio;a16z-portfolio;multicoin-capital-portfolio;web3;layer-1;egirl-capital-portfolio;depin;cmc-crypto-yearbook-2024-2025;binance-ecosystem;binance-listing,https://ar-io.net/azo-0qw6bb9u5doGdMR-atcIRV_ylJCV4K4Kwv85GO4,2020-05-27T00:00:00.000Z,2025-09-18T18:33:00.000Z
3964,reserve-rights,Reserve Rights,RSR,132,token,Ethereum,0x320623b8e4ff03373931769a31fc52a4e78b5d70,100000000000,59989001525,100000000000,0.007993223112487603,479505473.48468405,27395170.47393243,58.9552,0.39600753,8.44096266,0.13299151,store-of-value;defi;ethereum-ecosystem;coinbase-ventures-portfolio;dcg-portfolio;bitcoin-ecosystem;real-world-assets-protocols;base-ecosystem;made-in-america;binance-ecosystem;binance-listing,https://reserve.org/protocol/introduction/,2019-05-24T00:00:00.000Z,2025-09-18T18:32:00.000Z
4157,thorchain,THORChain,RUNE,133,coin,,,425380045,351297659,,1.3637703281744242,479089323.701337,52956454.26639157,26.488,0.13553739,6.6496801,6.82809109,cosmos-ecosystem;decentralized-exchange-dex-token;defi;dex;multicoin-capital-portfolio;exnetwork-capital-portfolio;injective-ecosystem;binance-ecosystem;binance-listing,https://github.com/thorchain/Resources/blob/master/Whitepapers/THORChain-Whitepaper-May2020.pdf,2019-07-23T00:00:00.000Z,2025-09-18T18:32:00.000Z
23254,core-dao,Core,CORE,134,coin,,,2093769839.0352812,1011922127.887692,2100000000,0.4721232987240369,477752013.0701839,31879946.72842,9.0648,0.50374231,4.08083608,2.89827434,layer-1,https://docs.coredao.org/core-white-paper-v1.0.5/,2023-02-08T12:26:11.000Z,2025-09-18T18:32:00.000Z
24091,zksync,ZKsync,ZK,135,token,zkSync Era,0x5A7d6b2F92C77FAD6CCaBd7EE0624E64907Eaf3E,13756836157.279495,8047444164.57235,21000000000,0.05928161260613922,477065467.4337137,29666689.54328893,37.7171,-0.07115898,2.56662747,-1.42410097,privacy;zero-knowledge-proofs;layer-2;blockchain-capital-portfolio;okx-ventures-portfolio;zksync-era-ecosystem;egirl-capital-portfolio;binance-ecosystem;binance-listing,https://docs.zksync.io/,2024-06-16T23:10:00.000Z,2025-09-18T18:33:00.000Z
18876,apecoin-ape,ApeCoin,APE,136,token,Ethereum,0x4d224452801aced8b2f0aebe155379bb5d594381,1000000000,752651515,1000000000,0.6116016547646231,460322912.0351006,43297473.85750894,27.0558,0.51893358,4.44134255,0.99406989,communications-social-media;collectibles-nfts;content-creation;gaming;entertainment;memes;dao;ethereum-ecosystem;governance;metaverse;animoca-brands-portfolio;ip-memes;binance-ecosystem;binance-listing,,2022-03-17T12:26:36.000Z,2025-09-18T18:33:00.000Z
18679,onyxcoin,Onyxcoin,XCN,137,token,Ethereum,0xA2cd3D43c775978A96BdBf12d733D5A1ED94fb18,48402432408.486084,35048862209.92514,68892071756.90897,0.01302369051138464,456465534.19822973,58950425.14295559,258.5348,-0.69805093,15.02802761,21.33943279,layer-1;made-in-america;binance-ecosystem;binance-listing,https://onyx.org/Whitepaper.pdf,2022-03-09T16:10:43.000Z,2025-09-18T18:33:00.000Z
9816,apenft,APENFT,NFT,138,token,Ethereum,0x198d14f2ad9ce69e76ea330b374de4957c3f850a,999990000000000,999990000000000,999990000000000,4.4352910234642295e-07,443524667.0553995,26717228.63253746,23.1479,0.07313004,0.12745776,-0.08402407,art;collectibles-nfts;ethereum-ecosystem;tron-ecosystem;heco-ecosystem;binance-alpha;tron20-ecosystem;binance-ecosystem,https://foundation.apenft.io/book/APENFT%20White%20Paper.pdf,2021-05-14T00:00:00.000Z,2025-09-18T18:32:00.000Z
5692,compound,Compound,COMP,139,token,Ethereum,0xc00e94cb662c3520282e6f5717214004a7f26888,10000000,9458096.03317373,,46.46423908048731,439463235.33159286,28585686.31926448,9.3235,0.11476602,4.27016528,4.43839218,defi;dao;ethereum-ecosystem;yield-farming;coinbase-ventures-portfolio;three-arrows-capital-portfolio;polychain-capital-portfolio;avalanche-ecosystem;solana-ecosystem;lending-borowing;dragonfly-capital-portfolio;alameda-research-portfolio;a16z-portfolio;pantera-capital-portfolio;paradigm-portfolio;near-protocol-ecosystem;arbitrum-ecosystem;gnosis-chain-ecosystem;sora-ecosystem;made-in-america;binance-ecosystem;binance-listing,,2020-06-16T00:00:00.000Z,2025-09-18T18:33:00.000Z
4066,chiliz,Chiliz,CHZ,140,token,Ethereum,0x3506424f91fd33084466f402d5d97f05f8e3b4af,9992377168,9992377168,,0.043758280644223366,437249244.4202739,44810882.04459558,69.0504,0.15672741,5.04512481,4.32592215,sports;communications-social-media;collectibles-nfts;content-creation;payments;layer-1;alleged-sec-securities;binance-ecosystem;binance-listing,,2019-07-01T00:00:00.000Z,2025-09-18T18:33:00.000Z
6783,axie-infinity,Axie Infinity,AXS,141,token,Ethereum,0xbb0e17ef65f82ab018d8edd776e8dd940327b28b,270000000,166424718.1967386,,2.594822386921492,431842584.5139979,46889118.17234221,2.2735,0.41427106,6.39458527,2.96137328,collectibles-nfts;gaming;ethereum-ecosystem;binance-launchpad;solana-ecosystem;metaverse;defiance-capital-portfolio;play-to-earn;animoca-brands-portfolio;harmony-ecosystem;alleged-sec-securities;ronin-ecosystem;binance-ecosystem;binance-listing;trading-card-game,https://whitepaper.axieinfinity.com/,2020-08-31T00:00:00.000Z,2025-09-18T18:32:00.000Z
6892,multiversx-egld,MultiversX,EGLD,142,coin,,,28630185,28622029.51013093,31415926,14.591976201533226,417651973.45141226,31307712.98722504,85.6405,0.34098943,5.18798255,4.6112319,pos;enterprise-solutions;distributed-computing;loyalty;gaming;identity;payments;scaling;smart-contracts;software;binance-launchpad;binance-labs-portfolio;metaverse;electric-capital-portfolio;exnetwork-capital-portfolio;mobile-payment;web3;elrond-ecosystem;layer-1;dwf-labs-portfolio;multiversx-ecosystem;depin;binance-ecosystem;binance-listing,https://files.multiversx.com/multiversx-whitepaper.pdf,2020-09-04T00:00:00.000Z,2025-09-18T18:33:00.000Z
9104,aioz-network,AIOZ Network,AIOZ,143,coin,,,1204039997.302902,1204039997.302902,,0.34676012500006936,417513059.9698375,13867379.19308557,22.8456,-0.05000868,3.32530366,11.01079428,media;platform;ai-big-data;distributed-computing;smart-contracts;video;storage;web3;generative-ai;layer-1;dwf-labs-portfolio;depin,,2021-04-02T00:00:00.000Z,2025-09-18T18:33:00.000Z
10791,ecash,eCash,XEC,144,coin,,,19921910922581,19921910922581,21000000000000,2.0548984777315995e-05,409375044.28316224,8315135.95888935,32.5774,-0.0529967,2.51998425,1.99050558,layer-1;binance-ecosystem;binance-listing,https://bitcoin.org/bitcoin.pdf,2021-07-08T00:00:00.000Z,2025-09-18T18:33:00.000Z
27657,linea,Linea,LINEA,145,token,Linea,0x1789e0043623282d5dcc7f213d703c6d8bafbb04,72009990000,15482147850,72009990000,0.02635006216199597,407955558.24871224,301896512.6897099,25.7978,0.25270508,3.75850545,11.86539709,zero-knowledge-proofs;layer-2;linea-ecosystem;binance-hodler-airdrops;binance-alpha-airdrops;binance-ecosystem;binance-listing,https://linea.build/blog/linea-tokenomics,2023-07-21T11:04:15.000Z,2025-09-18T18:33:00.000Z
5964,trust-wallet-token,Trust Wallet Token,TWT,146,token,BNB Smart Chain (BEP20),0x4b0f1812e5df2a09796481ff14017e6005508003,999860531.46,429860515.46,,0.9368061853354102,402695989.7143957,90302520.9497368,819.4668,0.22876301,20.72129692,17.54869875,wallet;solana-ecosystem;polygon-ecosystem;bnb-chain-ecosystem;binance-ecosystem;binance-listing,,2020-07-30T00:00:00.000Z,2025-09-18T18:33:00.000Z
28298,onbeam,Beam,BEAM,147,token,Ethereum,0x62D0A8458eD7719FDAF978fe5929C6D342B0bFcE,62434008330,49466004168,,0.008099574595964451,400653590.72300446,17555155.53623002,69.8682,0.33038093,6.33964869,4.16988568,gaming;ethereum-ecosystem;binance-chain;binance-launchpool;governance;play-to-earn;token;gaming-guild;spartan-group;bnb-chain-ecosystem;dwf-labs-portfolio;binance-ecosystem;binance-listing,https://docs.onbeam.com/,2021-10-29T04:07:32.000Z,2025-09-18T18:33:00.000Z
1659,gnosis-gno,Gnosis,GNO,148,token,Ethereum,0x6810e776880c02933d47db1b9fc05908e5386b96,2999934.74597423,2639076.49558166,,150.33498446283062,396745523.9594903,9667870.51285572,65.7363,-0.15445859,2.33738541,7.4421291,services;decentralized-exchange-dex-token;prediction-markets;kenetic-capital-portfolio;layer-1;gnosis-chain-ecosystem;binance-ecosystem;binance-listing,https://github.com/gnosis/research/blob/master/gnosis-whitepaper.pdf,2017-05-01T00:00:00.000Z,2025-09-18T18:33:00.000Z
27659,mog-coin,Mog Coin,MOG,149,token,Ethereum,0xaaeE1A9723aaDB7afA2810263653A34bA2C21C7a,390567526433216.7,390567526433216.7,420690000000000,9.961536190982858e-07,389065254.9587142,27844805.0749439,66.6853,-0.33454679,4.76092762,11.10959732,memes;ethereum-ecosystem;solana-ecosystem;bnb-chain-ecosystem;base-ecosystem;cat-themed;animal-memes;binance-alpha;binance-ecosystem;binance-listing,,2023-07-21T19:17:41.000Z,2025-09-18T18:32:00.000Z
8290,superverse,SuperVerse,SUPER,150,token,Ethereum,0xe53ec727dbdeb9e2d5456c3be40cff031ab40a55,999998077.4169173,628412622.4169173,999998077.417,0.6129546192539165,385188419.70791674,16333769.03353009,36.2398,0.78351758,5.46794091,5.11471549,collectibles-nfts;defi;gaming;ethereum-ecosystem;launchpad;avalanche-ecosystem;polkastarter;exnetwork-capital-portfolio;superstarter;polygon-ecosystem;animoca-brands-portfolio;injective-ecosystem;base-ecosystem;made-in-america;binance-ecosystem;binance-listing;soneium-ecosystem,https://docs.superverse.co/,2021-01-20T00:00:00.000Z,2025-09-18T18:33:00.000Z
9903,convex-finance,Convex Finance,CVX,151,token,Ethereum,0x4e3fbd56cd56c3e72c1403e103b45db9da5b9d2b,99923165.08909632,96660036.44876203,,3.9430327864350967,381133692.85548013,27885013.39761703,166.796,3.01140222,15.17137823,11.02555634,defi;ethereum-ecosystem;yield-aggregator;solana-ecosystem;binance-ecosystem;binance-listing,,2021-05-18T00:00:00.000Z,2025-09-18T18:32:00.000Z
8104,1inch,1inch,1INCH,152,token,Ethereum,0x111111111117dc0aa78b770fa6a738034120c302,1500000000,1397467210.7187192,1500000000,0.2720792881429189,380221883.89541954,21891204.89402197,42.186,0.1066936,5.2396548,3.72143233,decentralized-exchange-dex-token;defi;wallet;ethereum-ecosystem;amm;binance-labs-portfolio;avalanche-ecosystem;solana-ecosystem;blockchain-capital-portfolio;dragonfly-capital-portfolio;fabric-ventures-portfolio;alameda-research-portfolio;parafi-capital;spartan-group;bnb-chain-ecosystem;celsius-bankruptcy-estate;binance-ecosystem;binance-listing,https://1inch.linktr.sh/documentation,2020-12-25T00:00:00.000Z,2025-09-18T18:33:00.000Z
30636,zebec-network,Zebec Network,ZBCN,153,token,Solana,ZBCNpuD7YMXzTHB2fhGkGi78MNsHGLRXUhRewNRm9RU,99998836504.17941,90913571967.13272,100000000000,0.004173641055589724,379440616.4723362,14165454.36730041,7.9397,0.07107746,-1.75128989,-0.37815843,defi;payments;solana-ecosystem;real-world-assets-protocols;depin;made-in-america,https://docs.zebec.io/zebec-network-white-paper,2024-04-15T04:07:21.000Z,2025-09-18T18:33:00.000Z
32452,movement,Movement,MOVE,154,token,Ethereum,0x3073f7aAA4DB83f95e9FFf17424F71D4751a3073,10000000000,2750000000,10000000000,0.13637267318093707,375024851.24757695,41568380.25331514,4.2003,-0.14263939,7.73204091,8.24672968,ethereum-ecosystem;layer-2;binance-labs-portfolio;move-vm;made-in-america;binance-hodler-airdrops;world-liberty-financial-portfolio;binance-ecosystem;binance-listing;movement-ecosystem,https://docs.movementnetwork.xyz/,2024-07-29T03:27:27.000Z,2025-09-18T18:33:00.000Z
4846,kava,Kava,KAVA,155,token,Ethereum,0x0C356B7fD36a5357E5A017EF11887ba100C9AB76,1082853067,1082853067,,0.34611290714060783,374789423.0254934,16834271.99071926,11.8182,-0.00154512,3.33107596,-5.29021235,platform;binance-launchpad;binance-labs-portfolio;lending-borowing;arrington-xrp-capital-portfolio;framework-ventures-portfolio;hashkey-capital-portfolio;web3;layer-1;dwf-labs-portfolio;made-in-america;binance-ecosystem;binance-listing,https://docsend.com/view/gwbwpc3,2019-10-25T00:00:00.000Z,2025-09-18T18:33:00.000Z
27750,toshithecat,Toshi,TOSHI,156,token,BNB Smart Chain (BEP20),0x6a2608Dabe09bc1128EEC7275B92DFB939D5Db3f,420690000000,420678978481.2059,420690000000,0.0008781680548828219,369426840.2629331,216502047.34171927,-63.951,-0.07225799,-4.647793,48.52123224,memes;bnb-chain-ecosystem;base-ecosystem;cat-themed;animal-memes;binance-alpha;binance-alpha-airdrops;binance-ecosystem;binance-listing,,2023-08-04T09:39:48.000Z,2025-09-18T18:32:00.000Z
14101,ronin,Ronin,RON,157,coin,,,1000000000,693121119.9637812,1000000000,0.5122774666826081,355070331.439258,6560619.93322706,19.948,0.6020639,4.60669498,-0.54496864,platform;gaming;staking;layer-1;ronin-ecosystem;binance-ecosystem;binance-listing,https://docs.roninchain.com/basics/white-paper,2021-11-08T17:57:40.000Z,2025-09-18T18:32:00.000Z
17799,axelar,Axelar,AXL,158,token,Ethereum,0x467719aD09025FcC6cF6F8311755809d45a5E5f3,1216216181.681921,1037954716.9317499,,0.3372164368694793,350015391.2755937,17169786.41993669,35.427,-0.11208393,5.72840922,4.15177369,defi;interoperability;ethereum-ecosystem;coinbase-ventures-portfolio;polychain-capital-portfolio;binance-labs-portfolio;avalanche-ecosystem;galaxy-digital-portfolio;polygon-ecosystem;fantom-ecosystem;arbitrum-ecosystem;bnb-chain-ecosystem;optimism-ecosystem;osmosis-ecosystem;real-world-assets-protocols;base-ecosystem;linea-ecosystem;sei-ecosystem;mantle-ecosystem;scroll-ecosystem;made-in-america;binance-ecosystem;binance-listing,https://axelar.network/wp-content/uploads/2021/07/axelar_whitepaper.pdf,2022-02-02T02:48:14.000Z,2025-09-18T18:32:00.000Z
31278,drift,Drift,DRIFT,159,token,Solana,DriFtupJYLTosbwoN8koMbEYSx54aFAVLddWsbksjwg7,1000000000,365812364.65122,,0.9521315498868864,348301493.723153,233119970.36017424,417.76,-0.2076239,41.17180382,62.61416545,decentralized-exchange-dex-token;defi;derivatives;polychain-capital-portfolio;governance;solana-ecosystem;multicoin-capital-portfolio;jump-crypto;binance-alpha;binance-ecosystem;binance-listing,https://docs.drift.trade/,2024-05-16T07:44:32.000Z,2025-09-18T18:32:00.000Z
4172,terra-luna,Terra Classic,LUNC,160,coin,,,6489652162269.0625,5503110297916.824,,6.223724854543195e-05,342498443.38437545,18571509.49908332,66.2144,0.36951429,3.60076467,3.24417651,cosmos-ecosystem;store-of-value;defi;payments;ethereum-ecosystem;coinbase-ventures-portfolio;binance-labs-portfolio;avalanche-ecosystem;solana-ecosystem;arrington-xrp-capital-portfolio;hashkey-capital-portfolio;kenetic-capital-portfolio;huobi-capital-portfolio;pantera-capital-portfolio;polygon-ecosystem;terra-ecosystem;injective-ecosystem;osmosis-ecosystem;alleged-sec-securities;secret-ecosystem;binance-ecosystem;binance-listing,https://classic-docs.terra.money,2019-07-26T00:00:00.000Z,2025-09-18T18:33:00.000Z
7548,wemix,WEMIX,WEMIX,161,coin,,,546060336.8652309,455864968.6429949,590000000,0.7476513288221659,340828049.5694101,3957116.36191847,69.4527,0.40327998,3.12801201,1.83812286,platform;collectibles-nfts;gaming;metaverse;play-to-earn;layer-1,https://docs.wemix.com/v/en/,2020-10-29T00:00:00.000Z,2025-09-18T18:33:00.000Z
5488,just,JUST,JST,162,token,Tron20,TCFLL5dx5ZJdKnWuesXxi1VPwjLVmWZZy9,9900000000,9900000000,,0.0342104215196001,338683173.044041,33766219.76363029,13.4392,1.39958842,4.11403779,1.00018455,defi;tron-ecosystem;tron20-ecosystem;binance-ecosystem;binance-listing,https://www.just.network/docs/white_paper_en.pdf,2020-05-07T00:00:00.000Z,2025-09-18T18:33:00.000Z
25264,snek,Snek,SNEK,163,token,Cardano,279c909f348e533da5808898f87f9a14bb2c3dfbbacccd631d927a3f534e454b,75287522967,74636380901,76715880000,0.004468492599702817,333512115.72471917,6781444.42062061,8.7794,0.43302967,8.35419826,1.29501069,memes;cardano-ecosystem,,2023-05-06T16:00:00.000Z,2025-09-18T18:33:00.000Z
3640,livepeer,Livepeer,LPT,164,token,Ethereum,0x58b6a8a3302369daec383334672404ee733ab239,44531299.30414633,44531299.30414633,,7.2208598284480665,321554270.25390756,25650238.26440113,45.6735,0.37496546,5.84575664,1.8994473,media;ai-big-data;distributed-computing;video;ethereum-ecosystem;coinfund-portfolio;dcg-portfolio;pantera-capital-portfolio;multicoin-capital-portfolio;web3;arbitrum-ecosystem;harmony-ecosystem;generative-ai;depin;binance-ecosystem;binance-listing,https://github.com/livepeer/wiki/blob/master/WHITEPAPER.md,2018-12-19T00:00:00.000Z,2025-09-18T18:32:00.000Z
24647,berachain,Berachain,BERA,165,token,,,508566481.320087,126046481.3200869,,2.540642282026131,320239019.94242966,59471385.03103075,101.729,0.0421048,9.89626302,12.28101249,layer-1;cmc-crypto-yearbook-2024-2025;binance-hodler-airdrops;binance-ecosystem;binance-listing,https://docs.berachain.com/,2025-02-06T13:00:00.000Z,2025-09-18T18:32:00.000Z
35364,plume,Plume,PLUME,166,token,Ethereum,0x4C1746A800D224393fE2470C70A35717eD4eA5F1,10000000000,2650000000,10000000000,0.11920498501107094,315893210.279338,45800596.67586923,-46.2739,-0.72515656,-0.14179159,4.86450347,ethereum-ecosystem;real-world-assets-protocols;layer-1;made-in-america;binance-hodler-airdrops;binance-ecosystem;binance-listing;wlfi-ecosystem,https://docs.plume.org/plume,2025-01-20T17:00:10.000Z,2025-09-18T18:33:00.000Z
4195,ftx-token,FTX Token,FTT,167,token,BNB Beacon Chain (BEP2),FTT-F11,328895103.813207,328895103.813207,352170015,0.9468947799788381,311429056.96132374,55592793.90269164,1133.7909,1.51543762,17.84315748,19.12029129,marketplace;centralized-exchange;defi;derivatives;ethereum-ecosystem;solana-ecosystem;cms-holdings-portfolio;kenetic-capital-portfolio;alameda-research-portfolio;pantera-capital-portfolio;exnetwork-capital-portfolio;ftx-bankruptcy-estate;alleged-sec-securities;celsius-bankruptcy-estate;binance-ecosystem;binance-listing,https://docs.google.com/document/d/1u5MOkENoWP8PGcjuoKqRkNP5Gl1LLRB9JvAHwffQ7ec/view,2019-07-31T00:00:00.000Z,2025-09-18T18:33:00.000Z
24911,turbo,Turbo,TURBO,168,token,Ethereum,0xa35923162c49cf95e6bf26623385eb431ad920d3,69000000000,69000000000,69000000000,0.004451521610272676,307154991.10881466,38028666.58939164,10.5928,-0.16143998,7.35851712,6.20596754,art;ai-big-data;memes;ethereum-ecosystem;solana-ecosystem;web3;dwf-labs-portfolio;ai-memes;binance-ecosystem;binance-listing,,2023-05-01T00:30:00.000Z,2025-09-18T18:33:00.000Z
5198,creditcoin,Creditcoin,CTC,169,coin,,,549564264,486416053,600000000,0.6302804651113321,306578536.12245834,11146502.33062936,14.8424,-0.24368676,2.516294,2.15351115,real-world-assets-protocols;layer-1,https://www.creditcoin.org/white-paper,2020-01-31T00:00:00.000Z,2025-09-18T18:32:00.000Z
131,dash,Dash,DASH,170,coin,,,12413311.54828018,12413311.54828018,18900000,24.37624466547883,302589919.40969145,37402698.42920813,10.914,0.28103263,3.74121193,-0.89914271,mineable;hybrid-pow-pos;x11;medium-of-exchange;privacy;masternodes;dao;governance;alleged-sec-securities;2017-2018-alt-season;made-in-america;binance-ecosystem;binance-listing,https://docs.dash.org/,2014-02-14T00:00:00.000Z,2025-09-18T18:32:00.000Z
34812,bio,Bio Protocol,BIO,171,token,Ethereum,0xcb1592591996765ec0efc1f92599a19767ee5ffa,3320000000,1671788863.83,3320000000,0.17864197449187827,298651663.568125,138768271.60056368,87.1784,1.02197562,10.34223484,13.13970914,dao;ethereum-ecosystem;binance-labs-portfolio;solana-ecosystem;bnb-chain-ecosystem;desci;binance-ecosystem;binance-listing,https://docs.bio.xyz/bio/the-bioconomy/bio-protocol,2024-12-23T08:13:52.000Z,2025-09-18T18:33:00.000Z
30126,mew,cat in a dogs world,MEW,172,token,Solana,MEW1gQWJ3nEXg2qgERiKu7FAFj79PHvQVREQUzScPP5,88888888888,88888888888,88888888888,0.003326583114972367,295696276.88347566,46375988.91644203,4.5947,-0.48383283,6.10253607,12.52107001,memes;solana-ecosystem;doggone-doggerel;cat-themed;animal-memes;ip-memes;binance-alpha;cmc-crypto-yearbook-2024-2025;moonshot;binance-ecosystem;binance-listing,,2024-03-26T06:41:06.000Z,2025-09-18T18:33:00.000Z
6945,amp,Amp,AMP,173,token,Ethereum,0xff20817765cb7f73d4bde2e66e067e58d11095c2,99719967269.91672,84282013820.2134,100000000000,0.003493100169580736,294405516.76799333,9712435.26681857,18.5297,-0.17934832,2.69035927,3.74662487,ethereum-ecosystem;alleged-sec-securities;made-in-america;binance-ecosystem;binance-listing,https://4079620000-files.gitbook.io/~/files/v0/b/gitbook-x-prod.appspot.com/o/spaces%2FbUyUOpvS5Hnfel4aMnVz%2Fuploads%2F8ZKNS6MmVMUQaiN2BidF%2FAmp%20Whitepaper.pdf?alt=media&token=66f22011-0b4c-42d7-8a2c-17eaea145ee1,2020-09-08T00:00:00.000Z,2025-09-18T18:33:00.000Z
1168,decred,Decred,DCR,174,coin,,,17022756.20159336,17022756.20159336,21000000,17.26716960234035,293934818.4322036,8099419.61649787,-3.1272,0.02534103,2.54352221,2.58959778,mineable;hybrid-pow-pos;medium-of-exchange;store-of-value;dao;placeholder-ventures-portfolio;bitcoin-ecosystem;layer-1;binance-ecosystem;binance-listing,https://docs.decred.org/,2016-02-10T00:00:00.000Z,2025-09-18T18:32:00.000Z
7431,akash-network,Akash Network,AKT,175,coin,,,248285800.802151,248285794.661141,388539008,1.1803537894873737,293065078.60416174,9063407.65607057,21.3299,-0.38873515,3.55222409,0.65045587,cosmos-ecosystem;ai-big-data;distributed-computing;web3;injective-ecosystem;osmosis-ecosystem;generative-ai;depin;made-in-america;binance-ecosystem;binance-listing,,2020-10-16T00:00:00.000Z,2025-09-18T18:33:00.000Z
38299,avantis,Avantis,AVNT,176,token,Base,0x696F9436B67233384889472Cd7cD58A6fB5DF4f1,1000000000,258205903.14667922,1000000000,1.1220432114173933,289718180.77362835,852340884.4480438,42.2016,1.73832229,11.63636242,281.51055952,decentralized-exchange-dex-token;defi;derivatives;dex;galaxy-digital-portfolio;pantera-capital-portfolio;base-ecosystem;binance-hodler-airdrops;binance-alpha-airdrops;binance-ecosystem;binance-listing,https://docs.avantisfi.com/,2025-09-05T11:18:11.000Z,2025-09-18T18:32:00.000Z
28782,popcat-sol,Popcat (SOL),POPCAT,177,token,Solana,7GCihgDB8fe6KNjn2MYtkzZcRjQy3t9GHdC8uHYmW2hr,979973220.96,979973184.6,979973220.96,0.29366654290287736,287785337.25900525,34826749.24729507,21.9155,-0.17653394,7.94212143,8.53986261,memes;solana-ecosystem;cat-themed;animal-memes;binance-alpha;cmc-crypto-yearbook-2024-2025;moonshot;binance-ecosystem;binance-listing,,2023-12-20T18:16:41.000Z,2025-09-18T18:32:00.000Z
35763,kaito,KAITO,KAITO,178,token,Base,0x98d0baa52b2D063E780DE12F615f963Fe8537553,1000000000,241388889,1000000000,1.1835545797137477,285696925.0679635,66384089.66361519,-12.38,0.20795078,4.68752414,-2.22403418,communications-social-media;ai-big-data;social-token;governance;dragonfly-capital-portfolio;hashkey-capital-portfolio;spartan-group;base-ecosystem;binance-hodler-airdrops;binance-ecosystem;binance-listing,https://docs.kaito.ai/,2025-02-14T13:09:33.000Z,2025-09-18T18:32:00.000Z
7127,velo,Velo,VELO,179,token,BNB Smart Chain (BEP20),0xf486ad071f3bee968384d2e39e2d8af0fcf6fd46,23999804349,17563876115,24000000000,0.016093790050583447,282669334.66926724,62712086.99303828,15.4587,1.8785299,6.2305716,11.0563236,stellar-ecosystem;bnb-chain-ecosystem;dwf-labs-portfolio;binance-alpha;binance-alpha-airdrops;binance-ecosystem,https://velo.org/doc/Velo_Whitepaper_EN.pdf,2020-09-21T00:00:00.000Z,2025-09-18T18:32:00.000Z
30986,kamino-finance,Kamino Finance,KMNO,180,token,Solana,KMNo3nJsBXfcpJTVhZcXLW7RmTwTt4GVFE7suUBo9sS,9999963060.820587,2812328862.25,10000000000,0.10033263487436424,282168364.8827655,244264360.87928253,407.28,2.74418073,30.86863804,60.8746047,defi;solana-ecosystem;lending-borowing;binance-ecosystem;binance-listing,https://docs.kamino.finance/kamino-lend-litepaper,2024-04-30T06:37:24.000Z,2025-09-18T18:33:00.000Z
21585,safe1,Safe,SAFE,181,token,Ethereum,0x5afe3855358e112b5647b952709e6165e1c1eeee,1000000000,633781760,1000000000,0.4438890259833192,281328768.1323938,11031420.77863937,18.4401,0.00814973,4.17143661,0.73645855,defi;staking;wallet;ethereum-ecosystem;account-abstraction;binance-alpha;binance-ecosystem;binance-listing,https://docs.gnosis-safe.io/,2024-04-22T21:43:00.000Z,2025-09-18T18:32:00.000Z
5034,kusama,Kusama,KSM,182,coin,,,17061824.9943701,17061824.9943701,,16.256057481212324,277358007.84286547,17098067.61134367,29.5901,0.07759026,3.53583126,4.87674352,substrate;polkadot;polkadot-ecosystem;cms-holdings-portfolio;kenetic-capital-portfolio;1confirmation-portfolio;vbc-ventures-portfolio;made-in-america;binance-ecosystem;binance-listing,https://guide.kusama.network/docs/kusama-getting-started/,2019-12-12T00:00:00.000Z,2025-09-18T18:33:00.000Z
1684,qtum,Qtum,QTUM,183,coin,,,107822406,105814331,107822406,2.497661882305625,264288421.14037043,55060230.76543394,4.0388,0.1133119,2.528112,-3.42554825,platform;defi;smart-contracts;kenetic-capital-portfolio;bitcoin-ecosystem;binance-ecosystem;binance-listing,https://qtumorg.s3.ap-northeast-2.amazonaws.com/Qtum_New_Whitepaper_en.pdf,2017-05-24T00:00:00.000Z,2025-09-18T18:32:00.000Z
33788,peanut-the-squirrel,Peanut the Squirrel,PNUT,184,token,Solana,2qEHjDLDLbuBgRYvsxhc5D6uDWAivNFZGan56P1tpump,999851836.369126,999851836.369126,,0.25857686513504524,258538553.4478468,74675371.5100243,12.9791,-0.04470548,4.969514,10.36200009,memes;solana-ecosystem;political-memes;animal-memes;pump-fun-ecosystem;binance-ecosystem;binance-listing,,2024-11-04T02:00:00.000Z,2025-09-18T18:32:00.000Z
31526,mocaverse,Moca Network,MOCA,185,token,Ethereum,0xf944e35f95e819e752f3ccb5faf40957d311e8c5,8888888888,3625086418.0825,8888888888,0.07113699834839628,257877766.53592858,11471532.45788831,25.0445,-0.18654906,4.24955122,0.83506679,collectibles-nfts;gaming;identity;ethereum-ecosystem;metaverse;base-ecosystem;binance-ecosystem;binance-listing,,2024-07-04T07:14:36.000Z,2025-09-18T18:32:00.000Z
20641,euro-coin,EURC,EURC,186,token,Ethereum,0x1abaea1f7c830bd89acc67ec4af516284b1bc33c,217658219.3353117,217658219.3353117,,1.1785181438639987,256514160.64779466,61908624.32898236,54.914,-0.02566731,-0.80387449,0.44421827,stablecoin;stellar-ecosystem;eur-stablecoin;fiat-stablecoin;sonic-ecosystem,,2022-06-16T19:13:48.000Z,2025-09-18T18:32:00.000Z
2777,iotex,IoTeX,IOTX,187,coin,,,9441368983,9441368979,10000000000,0.027135149204843563,256192955.94314653,7402288.88427271,5.9238,0.02251547,3.35652512,-1.6061351,platform;ai-big-data;distributed-computing;defi;iot;ethereum-ecosystem;hashkey-capital-portfolio;kenetic-capital-portfolio;polygon-ecosystem;iotex-ecosystem;base-ecosystem;depin;made-in-america;binance-ecosystem;binance-listing;robotics,https://iotex.io/2.0,2018-05-25T00:00:00.000Z,2025-09-18T18:32:00.000Z
4041,mx-token,MX Token,MX,188,token,Ethereum,0x11eef04c884e24d9b7b4760e7476d06ddf797f36,413787834,93475334,1000000000,2.738751613079144,256005721.77561176,17802777.35190954,23.0441,-0.26716128,2.17122418,0.9215317,marketplace;centralized-exchange;discount-token;ethereum-ecosystem,,2019-09-24T00:00:00.000Z,2025-09-18T18:33:00.000Z
30933,dog-go-to-the-moon-rune,Dog (Bitcoin),DOG,189,token,Runes,DOGGOTOTHEMOON,100000000000,100000000000,100000000000,0.0025420281482122645,254202814.82122645,12299509.85538767,98.0137,-1.78653574,8.5656216,-4.69577758,memes;solana-ecosystem;doggone-doggerel;bitcoin-ecosystem;runes;animal-memes;runes-ecosystem,,2024-04-26T04:38:28.000Z,2025-09-18T18:32:00.000Z
1455,golem-network-tokens,Golem,GLM,190,token,Ethereum,0x7DD9c5Cba05E151C895FDe1CF355C9A1D5DA6429,1000000000,1000000000,1000000000,0.2514480202676115,251448020.26761147,11635736.2852138,30.4242,0.2574205,3.69236977,4.79976507,platform;ai-big-data;distributed-computing;payments;ethereum-ecosystem;polygon-ecosystem;web3;depin;binance-ecosystem;binance-listing,https://golem.network/doc/Golemwhitepaper.pdf,2016-11-18T00:00:00.000Z,2025-09-18T18:33:00.000Z
6953,frax-share,Frax (prev. FXS),FRAX,191,token,Ethereum,0x3432b6a60d23ca0dfca7761b7ab56459d9c964d0,99681495.59113361,90061556.88089603,99681495.59113361,2.787376060991188,251035427.6654058,13122421.92008959,34.0851,0.64595926,4.3032935,-3.19571821,defi;ethereum-ecosystem;amm;seigniorage;avalanche-ecosystem;solana-ecosystem;exnetwork-capital-portfolio;fantom-ecosystem;arbitrum-ecosystem;bnb-chain-ecosystem;made-in-america;binance-ecosystem;binance-listing,https://docs.frax.com/protocol/frax/overview,2020-09-08T00:00:00.000Z,2025-09-18T18:33:00.000Z
3822,theta-fuel,Theta Fuel,TFUEL,192,coin,,,7073412071,7073412071,,0.035337800097140624,249958821.76969945,2998839.03144761,32.2742,0.30041676,1.50440194,1.16855008,media;vr-ar;communications-social-media;distributed-computing;content-creation;defi;entertainment;payments;sharing-economy;smart-contracts;depin;made-in-america;binance-ecosystem;binance-listing,https://s3.us-east-2.amazonaws.com/assets.thetatoken.org/Theta-white-paper-latest.pdf?v=1553657855.509,2019-03-28T00:00:00.000Z,2025-09-18T18:32:00.000Z
4948,nervos-network,Nervos Network,CKB,193,coin,,,48025874702.6172,47285868367.32893,,0.005280084950394262,249673401.93265763,10347771.09018773,1.7846,0.16725029,2.98775589,4.93746676,mineable;pow;platform;collectibles-nfts;interoperability;quantum-resistant;research;scaling;smart-contracts;dao;polychain-capital-portfolio;layer-2;rollups;blockchain-capital-portfolio;cms-holdings-portfolio;dragonfly-capital-portfolio;electric-capital-portfolio;hashkey-capital-portfolio;huobi-capital-portfolio;1confirmation-portfolio;multicoin-capital-portfolio;web3;modular-blockchain;binance-ecosystem;binance-listing,https://github.com/nervosnetwork/rfcs/blob/master/rfcs/0002-ckb/0002-ckb.md,2019-11-19T00:00:00.000Z,2025-09-18T18:33:00.000Z
2586,synthetix,Synthetix,SNX,194,token,Ethereum,0xc011a73ee8576fb46f5e1c5751ca3b9fe0af2a6f,343889850.0967736,343466216.99839866,339889850.089,0.7222356343389338,248063541.10783234,14193320.00098329,39.9255,1.24656012,6.64536077,4.17827343,services;decentralized-exchange-dex-token;defi;derivatives;dao;ethereum-ecosystem;yield-farming;coinbase-ventures-portfolio;three-arrows-capital-portfolio;governance;heco-ecosystem;avalanche-ecosystem;solana-ecosystem;synthetics;defiance-capital-portfolio;framework-ventures-portfolio;alameda-research-portfolio;parafi-capital;paradigm-portfolio;polygon-ecosystem;fantom-ecosystem;near-protocol-ecosystem;spartan-group;optimism-ecosystem;real-world-assets-protocols;dwf-labs-portfolio;celsius-bankruptcy-estate;binance-ecosystem;binance-listing,https://docs.synthetix.io/,2018-03-14T00:00:00.000Z,2025-09-18T18:32:00.000Z
36828,theuselesscoin,Useless Coin,USELESS,195,token,Solana,Dz9mQ9NzkBcCsuGPFJ3r1bS4wgqKMHBPiVuniW8Mbonk,999091110.635712,999091110.635712,1000000000,0.24609867558396403,245874999.1151604,64392231.06499035,42.0622,0.08013928,10.13213157,-7.20846348,memes;solana-ecosystem;bonk-fun-ecosystem;binance-ecosystem;binance-listing,https://theuselesscoin.com/whitepaper,2025-06-16T03:18:23.000Z,2025-09-18T18:32:00.000Z
1697,basic-attention-token,Basic Attention Token,BAT,196,token,Ethereum,0x0d8775f648430679a709e98d2b0cb6250d2887ef,1500000000,1495696056.9526057,,0.16302665627399807,243838326.9671867,13104970.25646432,26.0767,0.27221177,4.56631374,1.08122677,marketing;communications-social-media;ai-big-data;content-creation;defi;interoperability;payments;smart-contracts;staking;ethereum-ecosystem;governance;avalanche-ecosystem;solana-ecosystem;dcg-portfolio;1confirmation-portfolio;pantera-capital-portfolio;web3;near-protocol-ecosystem;gnosis-chain-ecosystem;made-in-america;binance-ecosystem;binance-listing,https://basicattentiontoken.org/BasicAttentionTokenWhitePaper-4.pdf,2017-06-01T00:00:00.000Z,2025-09-18T18:33:00.000Z
8646,mina,Mina,MINA,197,coin,,,1252782688.8400393,1252782688.8400393,,0.19350960401905232,242425482.03935963,10197551.5279125,-10.8968,0.25056843,6.01357691,1.09653596,pos;defi;privacy;zero-knowledge-proofs;staking;coinbase-ventures-portfolio;three-arrows-capital-portfolio;polychain-capital-portfolio;binance-ecosystem;binance-listing,https://minaprotocol.com/docs,2021-03-02T00:00:00.000Z,2025-09-18T18:32:00.000Z
8119,safepal,SafePal,SFP,198,token,BNB Smart Chain (BEP20),0xd41fdb03ba84762dd66a0af1a6c8540ff1ba5dfb,500000000,500000000,500000000,0.48359883905607026,241799419.52803513,6568834.62925128,100.3141,0.41549515,5.53167072,1.99850539,wallet;ethereum-ecosystem;binance-launchpad;injective-ecosystem;bnb-chain-ecosystem;binance-ecosystem;binance-listing,https://www.safepal.com/pub/SFP_Whitepaper.pdf?a=5,2020-12-28T00:00:00.000Z,2025-09-18T18:32:00.000Z
38408,lombard,Lombard,BARD,199,token,Ethereum,0xf0DB65D17e30a966C2ae6A21f6BBA71cea6e9754,1000000000,225000000,1000000000,1.0649362447760373,239610655.0746084,537674362.7187866,36438356.1192,0.16049843,-33.99280903,-33.99280903,defi;ethereum-ecosystem;polychain-capital-portfolio;binance-labs-portfolio;okx-ventures-portfolio;bnb-chain-ecosystem;bitcoin-ecosystem;nomad-capital;binance-hodler-airdrops;binance-alpha-airdrops;binance-ecosystem;binance-listing,https://docs.lombard.finance/,2025-09-16T05:37:38.000Z,2025-09-18T18:33:00.000Z
2469,zilliqa,Zilliqa,ZIL,200,coin,,,20212768823.309357,19531613411.76602,21000000000,0.01220885204118558,238458578.26988724,16078090.22116235,-0.0633,0.46542533,4.62053738,3.92484942,mineable;platform;defi;gaming;payments;smart-contracts;ethereum-ecosystem;polychain-capital-portfolio;metaverse;kenetic-capital-portfolio;zilliqa-ecosystem;binance-ecosystem;binance-listing,https://docs.zilliqa.com/whitepaper.pdf,2018-01-25T00:00:00.000Z,2025-09-18T18:32:00.000Z
